name,city,state,rating,reviews,locations_in_list,phone,email,domain,website_url,maps_url,hsb_uuid
Alabama Pool Kings,Madison,Alabama,4.9,65,1,+1256-325-1044,,alabamapoolkings.com,https://www.alabamapoolkings.com/,https://www.google.com/maps?cid=8508715608676643607,f1232ab3-003c-4c13-aaec-9e659e52e4ec
"Aquarius Pools Construction Co., Inc.",Phenix City,Alabama,4.4,44,1,+1334-732-0096,,aquariuspool.net,http://www.aquariuspool.net/,https://www.google.com/maps?cid=194652706331648037,197cce2a-c1c4-451a-991d-5216c9d009a2
Cox Pools,Newton,Alabama,4,42,1,+1850-813-4718,,coxpoolsse.com,https://www.coxpoolsse.com/,https://www.google.com/maps?cid=4145034460917246697,4dda57c6-bb24-430f-a3a9-d53937ea015b
Cox Pools Inc.,Irondale,Alabama,4.4,41,1,+1205-917-5010,,coxpoolsinc.com,http://www.coxpoolsinc.com/,https://www.google.com/maps?cid=8671042170151975730,6feb0800-fd72-4375-9d18-0bb6274932f8
Divine Pools,,Alabama,5,53,1,+1251-252-3889,,thedivinepools.com,https://thedivinepools.com/,https://www.google.com/maps?cid=7172312885160907612,cbc547e2-4f29-4614-827c-de7699a26c3d
Mancha Hardscapes Pool & Spas,Birmingham,Alabama,3.6,41,1,+1205-849-9117,,manchahardscapes.com,https://manchahardscapes.com/,https://www.google.com/maps?cid=8719876851428956410,b6e2916c-4e5f-458a-b7f1-783ba2db21d7
Pool Pro Inc South,Foley,Alabama,5,43,1,+1251-424-6042,,poolproincsouth.com,http://www.poolproincsouth.com/,https://www.google.com/maps?cid=7545829451825339280,27d81200-53d7-451b-9397-5fc584360f5e
Southern Poolscapes,Fairhope,Alabama,4.3,104,3,+1251-929-8990,,southernpoolscapes.com,https://southernpoolscapes.com/,https://www.google.com/maps?cid=9408107704955598173,a13f1fb0-ebeb-4188-94e3-a02f199f4774
Splash Pools,,Alabama,4.9,92,1,+1334-703-2900,,backyardvacation.com,http://backyardvacation.com/,https://www.google.com/maps?cid=13930972492543902911,521ad5a4-4a86-4e58-9d30-2a2e955ae328
Superior Pools,,Alabama,4.8,53,1,+1256-284-5953,,superiorpoolsal.com,https://superiorpoolsal.com/,https://www.google.com/maps?cid=10095503918761447115,a31ad8bc-6f14-4891-8abe-93b21d9688cb
"The Backyard Experience Pools & Spas, Inc.",Opelika,Alabama,4.7,52,1,+1334-741-0303,,thebackyardexperiencepools.com,http://thebackyardexperiencepools.com/?utm_source=google&utm_medium=wix_google_business_profile&utm_campaign=2358479898030006400,https://www.google.com/maps?cid=11786008887270499821,1d295054-6abb-4d91-bf19-dcb141b4402d
The Swimming Hole,Prattville,Alabama,4.5,99,1,+1334-361-7520,,theswimmingholeprattville.com,http://theswimmingholeprattville.com/,https://www.google.com/maps?cid=8019122903269623970,f3851310-3edf-4d80-825a-16efac30acad
1st Choice Pools Building & Design LLC,Tucson,Arizona,4.7,83,1,+1520-485-7665,,tucsonpoolbuilder.com,https://www.tucsonpoolbuilder.com/,https://www.google.com/maps?cid=2859921254487092684,52d2c927-2707-4f20-9ceb-d4a8fcb059de
AE Outdoor Living,,Arizona,5,61,1,+1623-300-2589,,aeoutdoorliving.com,https://aeoutdoorliving.com/,https://www.google.com/maps?cid=15626871048722625750,0e24598c-01a1-4db2-bde0-54355b6cde6f
AZ Valley Pools,Chandler,Arizona,4.9,81,1,(480) 397-2530,,azvalleypools.com,https://azvalleypools.com/,https://www.google.com/maps?cid=11112794819850977210,ef48f012-be01-4008-bd37-f1f2a352a277
All Valley Pools AZ,,Arizona,5,56,1,+1623-330-9591,,allvalleypoolsaz.com,http://allvalleypoolsaz.com/,https://www.google.com/maps?cid=9102926472459490442,dfb6bd96-84eb-470f-8342-9872c7d0a41a
Aqua Squad Pools & Landscaping,,Arizona,4.5,52,1,+1480-628-1565,,aquasquadaz.com,https://www.aquasquadaz.com/?y_source=1_MjAyNzI0NTEzOC03MTUtbG9jYXRpb24ud2Vic2l0ZQ%3D%3D,https://www.google.com/maps?cid=1838600125102854461,a2ac7096-214c-4475-b860-68d3010d0f0a
Aquatic Pools & Landscape,Fort Mohave,Arizona,4.5,129,1,+1928-770-2615,,aquaticpl.com,https://aquaticpl.com/?utm_source=gmb,https://www.google.com/maps?cid=4458223586328479872,b04eb562-4120-4eac-9bae-2e598556a27f
Art of Construction,Mesa,Arizona,5,41,1,+1602-919-2216,,artofconstructionaz.com,https://artofconstructionaz.com/,https://www.google.com/maps?cid=4250633965311536256,e4c676aa-3317-4e16-b04c-5eb1d4fbe913
Artesian Pools & Spas,Yuma,Arizona,3.9,40,1,+1928-317-0250,,artesianpoolsandspas.com,http://www.artesianpoolsandspas.com/,https://www.google.com/maps?cid=4561726995639592213,464fb51d-71f5-4b34-a0d4-9a85b10e4f47
Arzate Design Group | Swimming Pool Design Tucson AZ,Tucson,Arizona,4.8,54,1,+1520-888-7665,,arzatedesigngroup.com,https://www.arzatedesigngroup.com/,https://www.google.com/maps?cid=2947558350024885934,c6b9dda0-84b2-46ab-aacc-668fc81f5f84
Barefoot Pools,Gilbert,Arizona,4.8,136,1,+1602-546-7665,,barefootpoolman.com,https://www.barefootpoolman.com/,https://www.google.com/maps?cid=1832019475014049506,b8d49e9d-1867-4176-9466-44a15b39a12c
Blue Mirage Pools and Spas,Lake Havasu City,Arizona,4.8,49,1,+1928-412-6765,,bluemiragepoolsandspas.com,https://www.bluemiragepoolsandspas.com/,https://www.google.com/maps?cid=7405722826988737261,9676adb4-1868-4b6f-9954-c17a17d28d0f
BlueWave Pools & Spas,Mesa,Arizona,4.3,111,1,+1602-726-3575,,bluewavepoolsaz.com,https://www.bluewavepoolsaz.com/,https://www.google.com/maps?cid=17676819361938764818,a9963d45-677a-4c4b-bdf6-dddb576e3082
Budget Pool Builders LLC,St. Johns,Arizona,4.4,85,1,(480) 930-1480,,budgetpoolbuilders.com,https://budgetpoolbuilders.com/,https://www.google.com/maps?cid=17257293623852068707,06f84dd5-5f2c-4d5f-887e-ed5a3e01dadc
C&E Builders,Gilbert,Arizona,4.8,71,1,+1602-791-5747,,cebuildersaz.com,https://cebuildersaz.com/,https://www.google.com/maps?cid=6149771774082969782,7be75922-080f-4333-b9e1-5184f4876151
Cactus Pools and Spas,Phoenix,Arizona,5,101,1,(602) 550-8627,,cactuspoolremodeling.com,https://www.cactuspoolremodeling.com/,https://www.google.com/maps?cid=12370562887143255107,ea614a21-530c-48c8-925a-e0a9d85acf91
California Pools & Landscape - Scottsdale,Scottsdale,Arizona,4,72,2,+1480-613-2112,,calpool.com,https://www.calpool.com/scottsdale-swimming-pool-builder/?utm_source=google&utm_medium=GBP&utm_campaign=scottsdale,https://www.google.com/maps?cid=10265064829270280673,53eb9bcc-fcf9-4d4d-9024-163c34d36a04
"Caribbean Pools & Spas, Inc.",Gilbert,Arizona,4.2,140,1,+1480-503-3300,,caribbeanpoolsaz.com,https://caribbeanpoolsaz.com/,https://www.google.com/maps?cid=17233429170927904458,bdb9f5fe-89d4-470f-ab4b-2c7ee4b3e877
Catalina Pools AZ LLC,Gilbert,Arizona,4.8,99,1,+1480-361-4462,,catalinapoolsaz.com,https://www.catalinapoolsaz.com/,https://www.google.com/maps?cid=11031008952018417699,3b766db4-2a7b-4a39-a526-99915c2b8162
Cimarron Circle Construction,Tucson,Arizona,4.3,71,1,+1520-881-2777,,cimarroncircle.com,https://cimarroncircle.com/,https://www.google.com/maps?cid=8650374100567921578,1a2d3f52-0df5-4c9e-abc9-4656333f867f
Conrad's Pool & Spa Inc,Yuma,Arizona,3.5,51,1,+1928-246-5330,,conradsincpoolandspa.com,http://www.conradsincpoolandspa.com/,https://www.google.com/maps?cid=15378724649941593670,b75be6e1-5831-4fd7-b5bb-62ff24a46e7e
Continental Pool Builders,Chandler,Arizona,4.3,54,1,+1602-639-0936,,continentalaz.com,https://continentalaz.com/,https://www.google.com/maps?cid=10084845838396154562,6de01498-85c7-4407-90c8-ce6b332343ff
Desert Island Pools,Phoenix,Arizona,5,41,1,+1602-332-8418,,az-dip.com,http://www.az-dip.com/,https://www.google.com/maps?cid=4899907155063842619,a3e72ed4-8632-4724-a07b-03cf93c2d7c0
Desert Soul Pools,Gilbert,Arizona,4.9,46,1,+1480-868-7494,,desertsoulpools.com,https://desertsoulpools.com/,https://www.google.com/maps?cid=13634493251161203173,aaeaaa3c-468f-4559-9099-35dafd3e80cd
Emerald Pools and Spas,Phoenix,Arizona,4.7,81,1,+1602-795-4466,,emeraldpoolandspa.com,https://www.emeraldpoolandspa.com/?utm_source=GMB&utm_medium=local,https://www.google.com/maps?cid=3567798275196110431,9d9c6302-cabc-4491-b7eb-30a1d036566f
Encantada Pools,Tucson,Arizona,4.8,66,1,+1520-797-6931,,encantadapools.com,http://www.encantadapools.com/,https://www.google.com/maps?cid=1006225768294959270,41aac8a0-3d1f-4404-8700-efff62be9caf
Fair & Square Pools,Chandler,Arizona,4.4,73,1,+1602-321-4492,,fairandsquarepools.com,http://fairandsquarepools.com/,https://www.google.com/maps?cid=17241523230701853540,f3ef4a9b-351f-4209-954e-38834a6306d7
Gomez Pools & Spas,Yuma,Arizona,4.1,84,1,+1928-329-7128,,gomezpoolsandspas.com,http://gomezpoolsandspas.com/,https://www.google.com/maps?cid=4750697828369413410,5198a898-5018-4cf9-9988-9b6b8b746f65
High Priority Pools LLC,Surprise,Arizona,4.9,90,1,+1623-377-4736,,azpoolcleaner.com,https://azpoolcleaner.com/,https://www.google.com/maps?cid=9057145737735579005,66619780-d5be-4ddf-ada5-0e51c009170e
Innovative Pool Systems,Scottsdale,Arizona,4.5,60,1,(602) 980-2188,,innovativepoolsystems.com,https://www.innovativepoolsystems.com/,https://www.google.com/maps?cid=1344559324791044822,1137712d-2eb8-4d3b-86b5-93f443cbe4cd
Island Style Pools,Chandler,Arizona,4.2,42,1,+1480-322-3472,,islandstylepools.com,https://www.islandstylepools.com/,https://www.google.com/maps?cid=12106636139024516959,12a6ce2c-5467-49f5-a8cb-267d2394066d
Low Tide Pool & Co,,Arizona,5,105,1,+1480-489-5721,,lowtidepoolco.com,http://lowtidepoolco.com/,https://www.google.com/maps?cid=9066105358958314722,06c0c1e3-6e88-4059-bb5e-6a3e9c50ebf0
Maricopa Pools and Landscape Design,Maricopa,Arizona,4.5,91,1,+1480-658-5544,,maricopapools.com,https://maricopapools.com/,https://www.google.com/maps?cid=870430327382923423,5c224f56-437b-4fdc-8b4b-3dafa6d5d562
Now Pools,,Arizona,4.8,55,1,+1602-560-4554,,nowpools.com,http://www.nowpools.com/,https://www.google.com/maps?cid=3574666186293871083,90722d5b-21f9-44a1-989d-9a6c3c1412d7
Oasis of the Valley Pools & Spas,Avondale,Arizona,4.8,69,1,(602) 607-3011,,oasisofthevalley.com,http://www.oasisofthevalley.com/,https://www.google.com/maps?cid=31320702533338542,cdf07a2b-93a3-4d85-9717-93588d9558c7
Outdoor Dream Builders,,Arizona,4.9,44,1,+1623-692-5098,,outdoordreambuilder.com,https://outdoordreambuilder.com/,https://www.google.com/maps?cid=13778022374307962153,9fb09b29-0372-4030-8b5f-2b6eff2f0a80
PEAK Outdoor Living,,Arizona,4.4,59,1,+1844-480-7325,,peakoutdooraz.com,http://peakoutdooraz.com/,https://www.google.com/maps?cid=3091949262487122969,6d09305e-f879-4709-8101-731e31834f12
Palo Verde Pools & Outdoor Living,Goodyear,Arizona,4.4,40,1,(855) 981-7665,,paloverdepools.com,http://paloverdepools.com/?UTM_source=GMB_listing&UTM_medium=organic,https://www.google.com/maps?cid=3830322171362906877,6f88b897-4600-4fb5-ab58-a87757608739
Patriot Pools,,Arizona,5,89,1,+1480-612-1156,,patriotscape.com,https://patriotscape.com/,https://www.google.com/maps?cid=1439522800854787167,5892f561-06e2-41c5-863e-9e437d49942b
"Pegasus Pool and Spa, LLC",Gilbert,Arizona,3.8,44,1,+1480-654-8138,,pegasuspoolandspa.com,http://www.pegasuspoolandspa.com/,https://www.google.com/maps?cid=642917727932137600,d8d33f6f-42d0-48e5-91c3-7d5701ae6c8a
Pool & Landscape AZ,Mesa,Arizona,4.4,100,2,+1480-999-3348,,poolandlandscapeaz.com,https://www.poolandlandscapeaz.com/,https://www.google.com/maps?cid=14724591850925973291,ecadfc52-f648-4627-9fad-4a47a5cf15c5
"Pool Star Enterprise, LLC",Fountain Hills,Arizona,4.9,85,1,+1480-213-2419,,poolstaraz.com,https://poolstaraz.com/,https://www.google.com/maps?cid=3615594846225354149,4700db01-22fb-47a2-bfea-c7673e0dd4f7
Pools & Spas,Mesa,Arizona,2.9,60,1,+1480-888-9200,,platinumpoolsaz.com,https://www.platinumpoolsaz.com/,https://www.google.com/maps?cid=4301395936640182376,445f1626-6b7a-446c-9582-3537be2e65d3
Pools By Design,Tucson,Arizona,4.4,100,1,+1520-386-6444,,poolsbydesignaz.com,https://poolsbydesignaz.com/,https://www.google.com/maps?cid=10565287347405109590,f503ee7e-4de0-40d2-8d2e-5aed7018d198
"Rondo Pools and Spas, Inc.",Phoenix,Arizona,4.2,117,1,(602) 246-6202,,rondopools.com,https://rondopools.com/?utm_source=google&utm_medium=organic&utm_campaign=gbp,https://www.google.com/maps?cid=5028616967552066535,146ecb03-7ad3-451f-ab3e-18807c2fcb82
Sandcastle Pools,Lake Havasu City,Arizona,4.4,50,1,+1928-680-1815,,sandcastlepools.com,http://www.sandcastlepools.com/,https://www.google.com/maps?cid=2456306972220930216,93d49ec3-5281-45ed-b144-9de44021fec3
Tatum Pools,,Arizona,4.9,55,1,+1480-721-2454,,tatumpoolsaz.com,https://www.tatumpoolsaz.com/,https://www.google.com/maps?cid=18007319385343841098,b29a4099-f9e7-4552-b3ef-3382361d30da
True Blue Pools,Tempe,Arizona,4.7,54,1,+1480-820-9495,,truebluepools.com,https://www.truebluepools.com/,https://www.google.com/maps?cid=1624207589623572697,58a48a66-27f6-43ef-905e-5a8e4521aeff
Vivid Outdoors,Goodyear,Arizona,4.9,46,1,+1623-308-9049,,vividoutdoorsaz.com,https://vividoutdoorsaz.com/,https://www.google.com/maps?cid=16945191174900911595,dfe30f24-df61-41ba-ae47-6f800e96a277
Burton Pools & Spas,Fayetteville,Arkansas,4.9,78,1,+1479-485-3189,,burtonpools.com,https://www.burtonpools.com/,https://www.google.com/maps?cid=10074990372578198450,9bb5b4fd-ce3d-45bf-b9e7-cfad19d9e3c2
Destin Pools,Conway,Arkansas,5,50,1,+1501-733-3146,,destinpoolsar.com,http://www.destinpoolsar.com/,https://www.google.com/maps?cid=4814635895395699719,eb470948-db6f-4368-971b-614399e52006
Elite Pools by Aloha,,Arkansas,4.5,47,1,+1501-758-7665,,elitepoolsbyaloha.com,https://www.elitepoolsbyaloha.com/,https://www.google.com/maps?cid=10019726211447700666,77d8f7c8-d029-4627-9b51-6c42a740d993
Lindsey's,Bryant,Arkansas,4.4,150,1,+1501-600-2855,,poolsbylindsey.com,https://www.poolsbylindsey.com/,https://www.google.com/maps?cid=13339316058468638520,80caf64c-0410-4f22-9c16-c5e2d9da8dc1
Luxury Pool & Spa Inc,Conway,Arkansas,4.7,112,1,+1501-327-1772,,luxurypoolarkansas.com,http://www.luxurypoolarkansas.com/,https://www.google.com/maps?cid=4760807717472988457,17044c9a-4bae-4b6e-a06f-e83076bc7999
Martin Pools,Cabot,Arkansas,4.1,64,1,+1501-843-5288,,martinpoolsonline.com,http://martinpoolsonline.com/,https://www.google.com/maps?cid=203772513721959306,8e329508-70b8-4804-b57d-f338a3f82318
West Coast Fiberglass Pools,Santa Rosa,CA,5,46,1,+1707-349-2880,,westcoastfiberglasspools.com,https://www.westcoastfiberglasspools.com/,https://www.google.com/maps?cid=1670215203257566212,e94432a6-f2f7-4ec2-8e62-5b3b5fd23cd8
A & S Pools & Concrete,Yuba City,California,5,50,1,+1916-822-7617,,asconcrete.org,https://www.asconcrete.org/,https://www.google.com/maps?cid=2071511595258947518,5cf7ffe5-08e0-446b-ab0b-30592148f40d
Adams Pool & Landscape Specialties,Sacramento,California,4.8,143,1,+1916-378-1032,,adamspoolsac.com,https://adamspoolsac.com/?utm_source=google&utm_medium=organic&utm_campaign=gbp_sacramento,https://www.google.com/maps?cid=9672218882629585515,adc62e3b-5a49-46cf-b614-60c90bc58e46
Adams Pool Solutions,Pleasanton,California,4.5,139,2,+1925-828-3100,,adamspools.com,https://adamspools.com/,https://www.google.com/maps?cid=5307861593057685101,950546fd-5e75-43e9-b369-4b62864a07d2
Advanced Pools Inc.,Hanford,California,4,47,1,+1559-582-1625,,advancedpoolshanford.com,https://www.advancedpoolshanford.com/,https://www.google.com/maps?cid=15843812370158957032,fd08bba4-ff3c-4b84-968c-b017682dbaaa
Alan Jackson Pools Inc. - Swimming Pool Builder & Designs,Lancaster,California,4,41,1,+1661-273-7231,,alanjacksonpools.com,http://www.alanjacksonpools.com/,https://www.google.com/maps?cid=11643985952124271985,67ffe612-2fbf-49a5-ad07-272f3a513077
Ande's Pools,,California,4.8,102,1,+1661-203-7549,,andespools.com,https://www.andespools.com/,https://www.google.com/maps?cid=420819964472769701,98136516-d70a-4322-9e90-ab31309c37a4
Anderson Pool & Spa,Rancho Cucamonga,California,4.4,42,1,+1909-476-0055,,andersonpoolandspa.com,http://www.andersonpoolandspa.com/,https://www.google.com/maps?cid=9042540354374004369,fbc857bd-d58d-4721-bac4-c12492874b8c
Aquos Pools,Manteca,California,4,74,1,+1209-239-0077,,aquospools.com,http://aquospools.com/,https://www.google.com/maps?cid=3561731875613350039,4a00e159-fb26-4ef0-a2c9-5e7cd1820d21
Big Big Pools and Spa Inc.,Imperial,California,5,67,1,+1760-457-8932,,bigbigpools.com,https://bigbigpools.com/?utm_source=omg-gbp&utm_medium=webclick,https://www.google.com/maps?cid=4556233394521412708,cb36f26c-b89d-403c-b066-b2f9f7cba42e
Blue Diamond Pools,,California,5,48,1,+1661-330-3284,,bluediamondpoolsandspas.com,http://www.bluediamondpoolsandspas.com/,https://www.google.com/maps?cid=16498479127134905868,4364db23-e84a-40a1-a71a-98859439efcc
Blue Paradise Custom Pools Inc,Fontana,California,4.9,41,1,+1909-471-9229,,blueparadisecustompoolsinc.com,http://www.blueparadisecustompoolsinc.com/,https://www.google.com/maps?cid=6040051195657202061,ac280cae-31b0-48c9-8a2c-724ee376eefd
Cal outdoor Builders,Woodland Hills,California,5,40,1,(310) 424-9056,,caloutdoorbuilder.com,http://caloutdoorbuilder.com/,https://www.google.com/maps?cid=6511617180975234756,45a42186-d31c-4a96-b78a-27d982077fdb
"Cal-West Pool, Inc",Stockton,California,4.8,43,1,+1209-441-4900,,calwestpool.com,https://calwestpool.com/?UTM_source=GMB_listing&UTM_medium=organic,https://www.google.com/maps?cid=2413264297074916789,fe2119c2-cdbe-42de-bd23-f0a1fa549c4c
California Custom Pools,Temecula,California,4.6,48,1,+1951-517-0561,,custompoolscalifornia.com,https://www.custompoolscalifornia.com/?utm_source=google&utm_medium=organic&utm_campaign=gbp,https://www.google.com/maps?cid=16247847889784544195,440ef62a-ba4c-4e26-9524-2ba940bd0207
Calimingo Pools - Luxury Pools Orange County,Newport Beach,California,4.8,62,1,+1714-235-3294,,calimingo.com,https://calimingo.com/?utm_source=Google&utm_medium=MyBusiness&utm_campaign=150&utm_content=URL&utm_term=OC,https://www.google.com/maps?cid=8627466551332748191,48c92725-d909-46bb-b6a1-7022c7e1b959
"Carlos Pools, Spas, Garden",San Dimas,California,3.5,95,1,+1626-332-8731,,carlospsg.com,http://www.carlospsg.com/,https://www.google.com/maps?cid=5623222091529380874,79ae50cc-daf6-42bc-96a1-bd13a6faa7f2
Central OC Pools,,California,5,73,1,+1949-939-5397,,centralocpools.com,https://centralocpools.com/?utm_source=google_my_business&utm_medium=organic,https://www.google.com/maps?cid=8742882159523253860,7b083781-1b1f-4020-ae95-9351d5abcd14
Chambers Pools,,California,4.3,73,1,+1707-451-9231,,chamberspools.com,http://chamberspools.com/,https://www.google.com/maps?cid=8283511089252801047,049cb3f0-e385-4dcb-87d8-da161c85b9f2
DIY Pools and Spas,Temecula,California,4.6,91,1,+1951-494-4023,,diypoolsandspas.com,http://diypoolsandspas.com/,https://www.google.com/maps?cid=6413686087736297876,f0bff17f-63ce-4930-9afb-46d1d1a07bef
Desert Luxury Pools | Indio,Indio,California,4.6,117,1,+1760-790-2065,,desertluxurypools.com,https://desertluxurypools.com/,https://www.google.com/maps?cid=9356529880873494815,86798dae-6858-4453-923a-944d82766324
"Dye Pool Company, Inc.",Riverside,California,4.9,53,1,+1909-810-9623,,dyepoolcompany.com,https://dyepoolcompany.com/,https://www.google.com/maps?cid=4255115327413070100,b05900a9-d158-4807-aa55-86d6621fac4f
Elephant Pools,,California,4.7,46,1,+1951-722-0129,,elephantpoolsllc.com,http://www.elephantpoolsllc.com/,https://www.google.com/maps?cid=12035520585535435076,3d0cc21a-461d-44e8-aca0-a962ae50f093
Endless Summer Hardscapes,,California,5,56,1,+1858-252-9088,,endlesssummerhardscapes.com,https://www.endlesssummerhardscapes.com/,https://www.google.com/maps?cid=5500448122886791691,e63b1d16-b852-4364-9a53-81bf45fdba9d
Exodus Construction & Remodeling Inc.,Westlake Village,California,4.7,89,1,+1833-614-4036,,exodusremodeling.com,https://exodusremodeling.com/?utm_source=gmb,https://www.google.com/maps?cid=4379476575007242033,f343b950-aaf1-426b-913f-5bc554ea0449
Geremia Pools & Landscaping,Sacramento,California,3.4,107,1,+1916-914-7800,,geremiapools.com,https://geremiapools.com/,https://www.google.com/maps?cid=746222901698352154,ea9945a5-5b6f-4b5a-8cc4-b39ef8038662
Green Scene Landscaping & Swimming Pools,Chatsworth,California,4.6,54,1,(818) 280-0420,,greenscenelandscape.com,https://www.greenscenelandscape.com/,https://www.google.com/maps?cid=900010085371353558,b037558d-5d95-4f09-85c4-ea58a5cbc7da
Impeccable Pools,Clovis,California,4.7,52,1,+1559-775-1100,,impeccablepools.com,http://www.impeccablepools.com/,https://www.google.com/maps?cid=5513876172981279081,5d9f1e1a-8a8b-4d0b-8fca-887bf12a4f04
La Quinta Pool Group,Indio,California,4.8,45,1,+1760-359-9866,,lqpoolgroup.com,http://www.lqpoolgroup.com/,https://www.google.com/maps?cid=2304096610464653773,9e510720-573b-4817-8c4f-a636f6fdb766
Lax Home Inc.,Encino,California,4.7,53,1,(310) 303-9313,,laxhome.com,https://laxhome.com/?utm_campaign=gmb,https://www.google.com/maps?cid=16778199754828023695,f0d84ef3-40f5-499a-a90d-0701e03d6c0f
Lusso Design and Build Inc,San Diego,California,5,65,1,(858) 227-7170,,lussodesignandbuildinc.com,https://lussodesignandbuildinc.com/,https://www.google.com/maps?cid=9909185884749218844,ccf0c7bf-8f98-4f7a-9355-4d0592b62e9c
MG Construction & Decks,West Hollywood,California,5,105,1,(323) 849-3944,,mgcdecks.com,https://mgcdecks.com/?utm_source=google&utm_medium=organic&utm_campaign=gbp-website,https://www.google.com/maps?cid=5231759776895183051,19f0d1d0-10df-4203-bb29-b03458db366e
Majestic Pool Construction,Murrieta,California,4.8,48,1,+1951-326-8183,,majestic-pools.com,https://majestic-pools.com/?utm_source=google&utm_medium=gbp&utm_campaign=organic,https://www.google.com/maps?cid=5131798082265471925,2fece773-3cb4-4f37-b4d0-d84ac291371b
Mission Pools,Escondido,California,4.2,41,1,(760) 743-2605,,missionpools.com,http://www.missionpools.com/,https://www.google.com/maps?cid=10744395437261399638,569cdf81-d9ea-421b-bd73-af72e691e8a9
Modern Yardz Landscaping San Diego,San Diego,California,5,105,1,+1619-775-9554,,modernyardz.com,https://www.modernyardz.com/?utm_source=google-business-profile&utm_medium=maps&utm_campaign=local-directories,https://www.google.com/maps?cid=7685269461064093832,c3c9bc52-e0d3-40e7-9248-75654ddca439
Orange County Pools & Spas,Tustin,California,4.8,56,1,+1888-714-6277,,orangecountypoolsandspas.com,http://orangecountypoolsandspas.com/,https://www.google.com/maps?cid=13587996968980284418,cdc99baf-8e8e-4c47-88ab-48b77da260d0
Pacific Sun Pool And Spa,San Diego,California,4.2,49,1,(877) 271-8822,,pacificsunpoolandspa.com,http://pacificsunpoolandspa.com/,https://www.google.com/maps?cid=1679944808129392931,06bbc8e1-287e-44b8-bf80-ed5cc39ff970
Paradise Pools Inc,Visalia,California,4.1,49,1,+1559-635-9637,,paradisepool.com,http://www.paradisepool.com/,https://www.google.com/maps?cid=15140478937655287570,ef3fa133-caa1-4946-b5ab-316ec0c44600
Ponce Construction Pools & Landscaping,,California,4.5,63,1,+1949-454-9575,,ponceconstructionorangecounty.com,https://www.ponceconstructionorangecounty.com/,https://www.google.com/maps?cid=8469954802800164099,845ac757-572c-4df3-9fcb-9b07d8ca6fd8
Pool Effects Inc.,Anaheim,California,4.9,54,1,(714) 406-8686,,pooleffectsinc.com,http://www.pooleffectsinc.com/,https://www.google.com/maps?cid=10403837812053311423,abe2d385-463f-426a-a5bc-3ddf3a523cf1
Pool Icons,Chino Hills,California,5,58,1,+1562-351-3101,,poolicons.com,https://www.poolicons.com/,https://www.google.com/maps?cid=12220290242885135217,e66e379c-2c48-4498-8be6-8dd07b7541e4
"Pool Pros, Inc.",San Jose,California,3.9,70,1,+1408-549-5000,,poolprosservices.com,https://www.poolprosservices.com/,https://www.google.com/maps?cid=14794474888705750567,8fc871a4-29ab-4df4-b9a1-64cf005db2ff
Pool Water Creations,Chino,California,4.8,51,1,+1909-636-2847,,poolwatercreations.com,http://www.poolwatercreations.com/,https://www.google.com/maps?cid=11429472770769333274,4089f732-0edd-409f-b5e5-067074bb1c4c
Poolmax Inc.,Fountain Valley,California,4.7,45,1,+1949-945-7774,,poolmax.com,https://poolmax.com/,https://www.google.com/maps?cid=12737495660233154801,e38776c2-fb6d-46d3-ac88-27ca6f365df5
Quality Fiberglass Pools Inc,Hemet,California,4.2,42,1,+1951-926-6060,,qualityfiberglasspools.com,http://qualityfiberglasspools.com/,https://www.google.com/maps?cid=1094862180485191427,04ac8fa6-572c-444e-b29b-17118e8e04b0
Quickshot Pool Construction,Huntington Beach,California,5,46,1,+1657-312-4879,,quickshotpools.com,http://www.quickshotpools.com/,https://www.google.com/maps?cid=10216875641281661479,4b8525b0-3a03-4dd8-bfa7-9b761d1d52f0
Ramos & Son's Pool Co,Ramona,California,5,52,1,(619) 346-8316,,ramosandsonspool.co,https://www.ramosandsonspool.co/,https://www.google.com/maps?cid=8955397306940635453,23abb43d-0965-4726-9f83-184128fa09b2
Ramos Pools & Spa Construction Inc,Lakeside,California,4.9,66,1,(619) 768-2961,,ramospool.com,http://ramospool.com/,https://www.google.com/maps?cid=6717734192327446501,b4815d5c-471c-4d05-bbe0-45ebd2812444
Right Path Builders,Los Angeles,California,5,87,1,+1310-694-7214,,rightpath.builders,https://www.rightpath.builders/,https://www.google.com/maps?cid=14142679770657735467,a1ed4e3f-5abe-46a9-a95d-e65cf02c4a2e
Robert S Inman Landscaping,Murrieta,California,5,62,1,+1951-461-7449,,rsilandscaping.com,https://rsilandscaping.com/,https://www.google.com/maps?cid=9476166555584200245,bef21709-3c3d-4c21-85c0-d28761c765b3
"Rosewood Landscape, Inc.",Palos Verdes Estates,California,4.6,47,1,+1424-484-6702,,rosewoodlandscape.com,https://www.rosewoodlandscape.com/,https://www.google.com/maps?cid=2260314021688374545,6f3a26d1-0230-4329-82fb-71127e4e35e1
"Sac Pool Pros, Inc.",Sacramento,California,4.4,50,1,+1916-722-7665,,sacpoolpros.com,http://www.sacpoolpros.com/,https://www.google.com/maps?cid=6116166876721836868,8fe0aa4c-4aa0-4836-a349-fbfe9749af8d
San Diego Pools,Santee,California,4.5,69,1,(888) 737-6657,,sandiegopools.com,https://www.sandiegopools.com/,https://www.google.com/maps?cid=17666427770836346800,0c5a82e5-d540-4953-ada2-c899ee52bc08
Sequoia Pools Hardscape and Landscape,Santa Monica,California,5,47,1,+1888-884-4425,,sequoiapoolbuilders.com,https://sequoiapoolbuilders.com/,https://www.google.com/maps?cid=12289141017595701641,2de9124a-c872-449e-b4f1-252a331abcf6
Sierra Fiberglass Pools,,California,4.8,43,1,+1916-537-6540,,sierrafiberglasspools.com,https://sierrafiberglasspools.com/,https://www.google.com/maps?cid=10207479569551801801,74547072-6e19-4d56-9551-efbabdc55fc6
Signature Pools,Clovis,California,4.6,108,1,+1559-292-9099,,signaturepoolsfresno.com,https://www.signaturepoolsfresno.com/,https://www.google.com/maps?cid=7320087448642070231,8834f9e2-d1b8-42b6-ae1b-cfe843f75d22
"Spartan Pool & Spa, Inc.",,California,4.7,78,1,+1949-375-7154,,spartanpoolandspa.com,https://www.spartanpoolandspa.com/,https://www.google.com/maps?cid=4980425418509876491,8e3f51df-70ce-47fa-aa8d-6cc9e52aa077
Sunset Designers & Builders Inc,Los Alamitos,California,4.9,46,1,+1562-881-6000,,gosunset.net,https://www.gosunset.net/,https://www.google.com/maps?cid=249685447954251416,91c321e4-b6ae-4aa9-b076-885446073098
Sunset Pools & Spas Inc,Villa Park,California,4.6,63,1,+1714-538-4398,,sunsetpoolsandspas.com,https://sunsetpoolsandspas.com/,https://www.google.com/maps?cid=10816655897866138266,60aa39c1-b6ed-4780-8bd4-d22148ec5b51
Swan Pools - Orange County,Lake Forest,California,4.6,51,1,+1949-859-8466,,swanpools.com,http://swanpools.com/?utm_source=google&utm_medium=organic&utm_campaign=gbp_orange_county,https://www.google.com/maps?cid=16373405870081274222,d98d575c-ad00-4c01-8a70-5edc2df58048
Swink's Creations,Simi Valley,California,4.5,47,1,+1805-522-0412,,swinkscreations.com,https://swinkscreations.com/,https://www.google.com/maps?cid=16853002517656075584,6957cb13-358e-444f-a485-9e71938a0724
The Pool Guru,,California,5,40,1,+1559-346-8791,,thepoolgurufresno.com,http://thepoolgurufresno.com/,https://www.google.com/maps?cid=14364836505330450422,69927956-b5e5-4944-b72d-4886db10d690
Thomas Pools,Castaic,California,4.8,88,1,+1661-495-9030,,thomaspools.us,https://www.thomaspools.us/,https://www.google.com/maps?cid=15025184549733075220,be852ddc-1d18-40cb-8bff-3df08c3998c7
Timeless Builds - Swimming Pool Contractor Los Angeles,Los Angeles,California,4.9,70,1,(310) 846-8139,,timelessbuilds.com,https://timelessbuilds.com/,https://www.google.com/maps?cid=2794494093082102739,9e0cd072-ae89-45de-b4b4-26da5cb0c91c
Trademark Pool and Spa,Salida,California,3.8,96,1,+1209-988-9388,,atrademarkpool.com,http://www.atrademarkpool.com/,https://www.google.com/maps?cid=1808902015034289064,4282bc03-6534-41eb-842b-04a6e56ec897
"Trinity Custom Pools replaster, pool building, pool remodeling",Riverside,California,4.5,55,1,+1951-236-0725,,trinitycustompools.com,https://trinitycustompools.com/,https://www.google.com/maps?cid=7495347411895704019,635c76a9-a411-412f-81a1-a4a0aa8e7169
Tumi Builders,Reseda,California,5,126,1,+1818-744-5993,,tumibuilders.com,https://tumibuilders.com/,https://www.google.com/maps?cid=8543279265368334685,ac2b11b1-e187-4f84-9931-19cf0238b05c
"V.O. Pools - Pool Builder Fresno, Clovis, Madera",Fresno,California,5,42,1,+1559-709-9940,,vopools.com,http://vopools.com/,https://www.google.com/maps?cid=8367521619865011735,786d86d9-8019-44ee-9d94-b6722ad7c925
Vineyard Pools,Clovis,California,4.8,95,1,+1559-299-6044,,vineyardpools.com,http://www.vineyardpools.com/,https://www.google.com/maps?cid=3405954245818163936,bd5f2996-362f-415a-829b-5bdf6e7531da
Wells Pools,Rancho Cordova,California,4.9,71,1,+1916-638-8810,,windowworldatlanticcity.com,https://www.windowworldatlanticcity.com/?utm_source=google&utm_medium=organic&utm_campaign=gbp_profile&utm_content=window-world-atlantic-city,https://www.google.com/maps?cid=462074071431556592,dad4645b-e8ed-432d-8418-52f0d892f55c
Westmod,Glendora,California,5,89,1,+1626-261-0825,,westmod.com,https://www.westmod.com/?utm_source=google&utm_medium=google+business+page&utm_campaign=Pasadena&utm_id=002,https://www.google.com/maps?cid=18386669952451678463,d14bd4ce-d9b6-446f-9a33-8bd3d22b6a64
World Pools Inc,El Cajon,California,4.7,40,1,(619) 721-0710,,worldpoolsinc.com,https://worldpoolsinc.com/,https://www.google.com/maps?cid=5779720370899905063,26e309be-6f20-40a4-9d9e-0f2e64371399
the flow brothers inc,,California,5,71,1,,,buildingmypool.com,https://buildingmypool.com/,https://www.google.com/maps?cid=18430193940262488070,e1cd68ab-8c22-4475-b6c3-e321a28316cb
Aquality Pools & Spas,Broomfield,Colorado,4.9,75,1,+1303-469-2229,,aqualityconstruction.com,https://www.aqualityconstruction.com/,https://www.google.com/maps?cid=13655510214136820358,a042ea4b-0ffd-43da-b657-23d5ea1ccf9a
Integrity Pool Builders,Englewood,Colorado,4.8,101,1,+1303-789-9435,,integritypoolbuilders.com,http://www.integritypoolbuilders.com/,https://www.google.com/maps?cid=9631579137903757161,d448f0a8-93ca-41e5-8601-80529314d325
Mr Pool,Boulder,Colorado,4.2,47,1,+1303-443-0821,,mrpoolinc.com,http://www.mrpoolinc.com/,https://www.google.com/maps?cid=9857240771184928577,f028b64b-86ed-42ad-9891-3bea86bb9aab
EZ Aqua Blue Sea Pools,Naugatuck,Connecticut,5,88,1,+1203-300-2579,,ezaqua.com,http://ezaqua.com/,https://www.google.com/maps?cid=18206222469284106394,64e894c7-4d63-42ea-9c2a-67ef7e1664f3
Fiore Custom Pools & Spa LLC,North Haven,Connecticut,4.1,41,1,+1203-230-4848,,fiorecustompools.com,http://fiorecustompools.com/,https://www.google.com/maps?cid=8606113755931100689,91f78071-c929-4209-89a5-dbc2553e15e5
Galvin Pools & Backyard Paradise,Orange,Connecticut,4,61,1,+1203-795-5288,,galvinpoolsandbackyardparadise.com,https://www.galvinpoolsandbackyardparadise.com/,https://www.google.com/maps?cid=4418411854069358156,e2cf1f42-427a-43b9-a6a4-ea9368a30054
"Hunters Pool Center, Inc",Wallingford,Connecticut,4.6,140,1,+1203-269-2183,,hunterspool.com,http://www.hunterspool.com/?utm_source=google&utm_medium=organic&utm_campaign=GMB-service,https://www.google.com/maps?cid=259421222664424591,b222c18e-83aa-4dbe-b0ef-5a0087d02a64
Hydrocare Pools & Spas,Torrington,Connecticut,3.9,52,1,+1860-419-2415,,hydrocarepoolsandspas.com,http://hydrocarepoolsandspas.com/,https://www.google.com/maps?cid=3600233775005351757,2e7e969a-3746-49e7-9069-eb6879865a35
Litchfield County Pools,New Milford,Connecticut,5,67,1,(860) 355-8547,,lcpools.com,http://www.lcpools.com/,https://www.google.com/maps?cid=17485881549720478593,81dc2662-dc86-4962-94bc-51cae5b1c49c
Newtown Pools,Newtown,Connecticut,3.2,44,1,+1203-270-1733,,newtownpools.com,http://www.newtownpools.com/,https://www.google.com/maps?cid=9793325542166307294,bd779369-132f-4ed8-b00c-2fe4513935d1
Platinum pools,Wallingford,Connecticut,5,48,1,+1203-804-6058,,platinumpoolsct.com,http://www.platinumpoolsct.com/,https://www.google.com/maps?cid=2275298381475839274,4a883d42-7688-4177-bfa2-c5c33b9a6b95
Pools By Murphy LLC,Durham,Connecticut,4,117,1,+1800-851-6645,,poolsbymurphy.com,http://www.poolsbymurphy.com/,https://www.google.com/maps?cid=18392613201132946855,913b236b-bfe0-47b3-90b6-4def202751fc
Rizzo Pools,West Hartford,Connecticut,3.8,87,1,+1860-666-1531,,rizzopools.com,http://www.rizzopools.com/,https://www.google.com/maps?cid=17060452661019751873,4b8c76ef-52b6-4d5b-87b1-7427c36be405
"Shoreline Pools, Inc.",Stamford,Connecticut,3.8,41,1,+1203-967-1203,,shorelinepools.com,https://www.shorelinepools.com/?utm_source=gmb&utm_medium=organic&utm_campaign=tracking_traffic,https://www.google.com/maps?cid=1155325814168273464,807f3ce0-ab2e-42e4-b37d-ddb2472fac9e
"Total Pool + Patio, LLC",Sandy Hook,Connecticut,4.8,51,1,+1203-426-1575,,totalpoolandpatio.com,http://www.totalpoolandpatio.com/,https://www.google.com/maps?cid=4790149988948452509,21b7ad13-5d0c-434d-9525-0cb246ae916c
Urban Pools,,Connecticut,4.9,46,1,+1860-432-1861,,urban-pools.com,https://urban-pools.com/,https://www.google.com/maps?cid=461073227147985187,0e9bf5b7-5fd6-40e4-b8c2-071eb40ae206
Ashton Pools By Design,Rehoboth Beach,Delaware,4.6,71,1,+1302-200-3491,,ashtonpoolsbydesign.com,https://www.ashtonpoolsbydesign.com/?utm_source=google&utm_medium=organic&utm_campaign=gmb,https://www.google.com/maps?cid=8374514925470026835,84fcd2ca-b3d0-4ae7-9408-cbec9673cddb
Shore Outdoor Living,Millsboro,Delaware,4.7,40,1,+1302-542-4520,,shoreoutdoorlivingdmv.com,https://shoreoutdoorlivingdmv.com/?utm_source=gbp&utm_medium=organic&utm_campaign=gbp-listing,https://www.google.com/maps?cid=3666262628567982215,ce7920e3-d87e-4382-b9c3-c579ecf04235
J & C Fiberglass Pools,Tampa,FL,4.7,57,1,+1813-295-9958,,jandcfiberglasspool.com,https://www.jandcfiberglasspool.com/,https://www.google.com/maps?cid=14316562009686373045,1aa6e6d6-cc33-4c26-b668-3f4cfa9ac110
"A&E Pools, Llc",Fort Myers,Florida,4.8,50,1,+1239-888-6617,,ae-pools.com,https://ae-pools.com/,https://www.google.com/maps?cid=6170513511278011788,6789d837-f5c0-429c-b020-a4023c0ebbdb
ANYTHING WET INC,Loxahatchee,Florida,4,89,1,(561) 432-6100,,anythingwetpools.com,https://www.anythingwetpools.com/,https://www.google.com/maps?cid=93423924106515753,27a64ba7-659d-4ca7-a118-62439fd8a923
Abaco Pools,Hobe Sound,Florida,4.9,113,1,+1772-402-5032,,abacopools.com,http://abacopools.com/,https://www.google.com/maps?cid=14986733896443189244,497b6e89-ebc7-48ed-93ac-69fbec3adb25
Above The Rest Aquatics Inc.,Oakland Park,Florida,4.4,106,1,+1954-748-3514,,atraquatics.com,https://www.atraquatics.com/,https://www.google.com/maps?cid=11774653888324699528,115b79d3-a2be-402e-865a-d4b6c17556c5
Advanced Pool & Spa Inc.,Land O' Lakes,Florida,4,66,1,+1813-995-2939,,advancedpool-spa.com,http://www.advancedpool-spa.com/,https://www.google.com/maps?cid=5460546973444706704,e4ea56b4-0a1d-4c36-ac20-36dd34e6bf66
Advanced Pool Solutions LLC,Cape Coral,Florida,5,40,1,+1941-993-3814,,advancedpoolsolutionsllc.com,http://advancedpoolsolutionsllc.com/,https://www.google.com/maps?cid=13949061918921791041,1387a961-36d6-4b07-b2fb-031c1331789a
Advanced Swimming Pool Contractors,Pembroke Pines,Florida,4.9,47,1,+1954-371-2357,,swimmingpoolpembrokepinesfl.com,https://swimmingpoolpembrokepinesfl.com/,https://www.google.com/maps?cid=12769241175924908791,853108a6-5141-4322-8900-fce83cb55363
Affordable Pools,Ormond Beach,Florida,5,49,1,+1386-310-0272,,affordpools.com,https://affordpools.com/,https://www.google.com/maps?cid=14040870907359927854,719c0510-6164-4a54-8477-fe6b1509b493
Agua Construction Company,Bunnell,Florida,4.4,73,1,+1386-246-7212,,aguaconstruction.com,http://www.aguaconstruction.com/,https://www.google.com/maps?cid=17883613039548839059,6f1f67dd-2764-4487-9da5-4a62056cbf11
Agua Pools North Florida,St Johns,Florida,4.3,100,2,+1904-453-8337,,aguapools.com,http://aguapools.com/,https://www.google.com/maps?cid=14679960585493840601,f2abdd35-baae-46df-a109-3e705f303151
"Alexander Custom Pools, LLC",Jensen Beach,Florida,4.6,42,1,+1772-444-3158,,alexandercustompoolsllc.com,http://www.alexandercustompoolsllc.com/,https://www.google.com/maps?cid=8866841903473084192,27c6c02b-3d48-4b49-82c7-7ff02ca4f074
Alligator Pools,Miami,Florida,4.9,102,1,+1305-255-7946,,alligatorpools.com,https://alligatorpools.com/,https://www.google.com/maps?cid=11993066812140008850,34969b12-a983-4192-8f9a-0dd5c0bae3a7
"Anchor Pools and Spas of Manatee, LLC",Palmetto,Florida,4.2,43,1,+1941-722-7377,,anchorpoolsfl.com,http://www.anchorpoolsfl.com/,https://www.google.com/maps?cid=16802853760743880693,4089c2bf-d049-4918-9c8b-2d425144af88
Andux Aquatics Pools & Spas,Tampa,Florida,5,68,1,+1813-439-9165,,anduxaquatics.com,http://www.anduxaquatics.com/,https://www.google.com/maps?cid=11169127515397193500,211e684a-0033-4ae0-beea-0fe781f0289a
Aqua Blue Pools,Melbourne,Florida,4.4,121,1,+1321-777-2812,,myaquablue.com,http://www.myaquablue.com/,https://www.google.com/maps?cid=6003018838504448796,623cca27-206d-4579-8e82-7709ef552dff
Aquatic Pools,Merritt Island,Florida,4.4,64,1,+1321-427-7909,,aquaticpoolsandspa.com,http://www.aquaticpoolsandspa.com/,https://www.google.com/maps?cid=6314528392747683994,15664460-1f6c-4ed6-bf64-fe10c6a2ac35
Aragon Pools & Spas,Naples,Florida,3.8,85,1,+1239-659-4066,,aragonpools.com,http://www.aragonpools.com/,https://www.google.com/maps?cid=15432705319309520438,752b3b0c-efac-4478-9c8d-d9ba708e3b8b
Arroyo Pool Builders,Homestead,Florida,4.4,54,1,+1786-499-9930,,arroyopools.net,https://arroyopools.net/,https://www.google.com/maps?cid=16948087432027003831,247bfd5c-8c24-4201-862c-96bd8991b903
"Artesian Pool Construction, Inc.",Fort Myers,Florida,4.4,78,1,+1239-415-7374,,artesianpoolconstruction.com,http://www.artesianpoolconstruction.com/,https://www.google.com/maps?cid=6033410952213887853,b299cfa2-489a-48f1-8a49-4d56e25c37b9
Artesian Pools of Daytona Beach,Daytona Beach,Florida,3.8,70,1,,,artesianpools.com,https://artesianpools.com/daytona-beach/?utm_source=google&utm_medium=Web&utm_campaign=GBP&utm_id=GBP,https://www.google.com/maps?cid=1995830797350231948,93a3e5cd-0cca-4c77-ade9-a559b47481dd
Artistic Pools Inc.,Jupiter,Florida,4.9,77,1,+1561-220-7665,,artisticpoolsinc.com,http://www.artisticpoolsinc.com/,https://www.google.com/maps?cid=1587075376373583492,fcc71dd5-8649-428e-a0ba-fa7eed4809fd
"Azure Pool and Deck Design, Inc.",Estero,Florida,4.9,66,1,+1239-301-4968,,azurepoolanddeckdesign.com,https://azurepoolanddeckdesign.com/,https://www.google.com/maps?cid=2591832641789156341,b9064c7b-9603-4481-b468-8ae15df7c884
BAFCO POOLS,Hialeah,Florida,4.7,80,1,+1305-203-3545,,bafcopools.com,https://www.bafcopools.com/,https://www.google.com/maps?cid=12453784065238715394,2772080e-fec0-465e-8af6-9f3bd6a12ab3
"Back Bay Pools, LLC",Cape Coral,Florida,4.3,43,1,+1239-543-2585,,backbaypools.com,https://www.backbaypools.com/,https://www.google.com/maps?cid=8205260391979786535,fe97974b-35b5-47a5-9f8a-62b532f47aa0
BackYard Ventures Inc,Brooksville,Florida,4.8,42,1,+1352-796-1111,,backyardventuresfl.com,https://backyardventuresfl.com/,https://www.google.com/maps?cid=13702187231386429673,2a447eb3-4486-47b5-a377-6f4bee88dfc5
Balsinger Pools,Venice,Florida,4.8,75,1,+1941-234-3193,,balsingerpool.com,https://www.balsingerpool.com/,https://www.google.com/maps?cid=8213283173402013016,f5fd1335-f10c-4a2a-8edc-5a41036d3d46
Be Limitless Contractors,Delray Beach,Florida,5,55,1,(561) 633-0337,,belimitlesscontractors.com,https://belimitlesscontractors.com/,https://www.google.com/maps?cid=9332009025468450647,321f6fb1-79c7-4f7c-8eb3-c5e615703c9f
Best Florida Pools & Spas,,Florida,4.7,41,1,+1407-810-4243,,bestfloridapoolsandspa.com,https://bestfloridapoolsandspa.com/,https://www.google.com/maps?cid=9960368438095319765,decd72df-1257-4927-b159-fcbc0ab68b56
Better Call Sal Pools,,Florida,5,145,1,+1561-213-9022,,bcspools.com,http://www.bcspools.com/,https://www.google.com/maps?cid=10423696921530021593,3702633c-f4d8-4f43-8d56-57d872392954
Better Pools and Spas,North Port,Florida,4.6,93,1,+1941-467-6049,,betterpoolsandspas.com,https://betterpoolsandspas.com/,https://www.google.com/maps?cid=3824205857552556693,1f85f7fe-d0cb-4264-9cc5-dd7054655a3d
"Bikini Pools of Florida, Inc.",Safety Harbor,Florida,4.8,40,1,+1727-791-1090,,bikinipools.com,https://bikinipools.com/,https://www.google.com/maps?cid=8303959198345850230,48486f86-bec8-4a60-bee0-dd84f54a03ed
Blue Clair Pool,Weston,Florida,5,48,1,+1954-716-1236,,blueclairpool.com,https://blueclairpool.com/?utm_source=gbp&utm_medium=organic&utm_campaign=profile,https://www.google.com/maps?cid=7753043524350415239,be4c0961-7359-4c70-b17e-e068e1229e03
Blue Marlin Pools,Rockledge,Florida,4.5,69,1,+1321-259-1233,,bluemarlinpools.com,http://www.bluemarlinpools.com/,https://www.google.com/maps?cid=8994896563003965540,e61595fe-5ff2-449a-9ee0-1f0dda544424
Blue Mirror Pools,Port St. Lucie,Florida,4.9,77,1,+1561-377-7734,,bluemirrorpools.com,https://bluemirrorpools.com/,https://www.google.com/maps?cid=1943354664172435206,3796a00a-da48-4290-aee4-cec6af6583f5
Blue Moon Backyard & Pool Inc,Leesburg,Florida,3.9,48,1,+1352-323-1309,,bmpool.com,https://bmpool.com/,https://www.google.com/maps?cid=12427662427459607657,5540bb0c-0cd8-40fd-b745-e70aa094381b
Blue Water Pools Construction & Services LLC,Cape Coral,Florida,4.7,103,1,+1239-224-8484,,bluewaterpoolsswfl.com,http://bluewaterpoolsswfl.com/?utm_source=gmb&utm_medium=referral,https://www.google.com/maps?cid=15300262057235243359,b2ddc331-3204-4384-ba74-eb096821d30a
Bluewater Island Group Inc.,,Florida,4.4,73,1,+1904-303-3850,,bigincs.com,http://www.bigincs.com/,https://www.google.com/maps?cid=4434811652113222862,bdb7e8f8-13ff-4433-a87a-313e59149155
Bluewater Pools,,Florida,4.9,62,1,+1772-281-8565,,bluewaterpoolsfla.com,https://www.bluewaterpoolsfla.com/,https://www.google.com/maps?cid=11269905309767512479,ecac8170-a92e-4872-aab0-c45a32a1699e
"Bluewave Outdoors, LLC",Sebastian,Florida,4.9,57,1,+1772-919-7170,,bluewaveoutdoors.com,https://www.bluewaveoutdoors.com/,https://www.google.com/maps?cid=11765994760382241146,fd882e9e-ee97-45ea-a891-56f175368fae
Bob Herrold’s All Seasons Swimming Pools and Spas Inc.,New Smyrna Beach,Florida,4.2,60,1,+1386-423-2330,,poolbuildersnewsmyrnabeach.com,https://poolbuildersnewsmyrnabeach.com/,https://www.google.com/maps?cid=14466059288444789647,0b481edb-4ef1-4280-aeda-634ad3d8ba2e
"Bowles Custom Pools & Spas, Inc.",Orlando,Florida,4.5,72,1,+1407-999-9010,,bowlespools.com,http://www.bowlespools.com/,https://www.google.com/maps?cid=3037664253744387659,1b946c1d-999c-4cf0-86fe-159942314f94
Capote Pools & Spa,,Florida,4.9,59,1,+1305-834-9750,,capotepools.com,https://capotepools.com/,https://www.google.com/maps?cid=6220836825106331086,54ec8393-4464-4e46-812e-09750402a54c
Caribbean Pools,Lakeland,Florida,3.6,40,1,+1863-646-7665,,caribbeanpoolslakeland.com,https://caribbeanpoolslakeland.com/,https://www.google.com/maps?cid=18253501401626496250,7dd8df3f-feea-4e84-883f-86d29fdcab9c
"Carlos Pavers, Pools and Spas",Pinellas Park,Florida,4.8,101,1,+1727-220-1592,,carlospaversinc.com,http://www.carlospaversinc.com/,https://www.google.com/maps?cid=1949592575370159783,fb467ef4-f600-4354-9c3e-bd3fe06aeea3
Casa Pools,Port Charlotte,Florida,3.9,92,1,+1941-625-5056,,casapools.com,https://www.casapools.com/,https://www.google.com/maps?cid=13480020607875686824,435b3ffb-3a28-45e3-a343-fd4757e785fa
Central Florida Pools,Winter Garden,Florida,4.9,91,1,+1407-412-3400,,centralfloridapools.com,http://www.centralfloridapools.com/,https://www.google.com/maps?cid=16022626546825575723,ebf74753-ee79-4c73-8353-1efe3fda9022
Central Florida Swimming Pools,Ocala,Florida,4.5,71,1,+1352-629-7701,,centralfloridaswimmingpools.com,http://www.centralfloridaswimmingpools.com/,https://www.google.com/maps?cid=5446582237766275683,534d2ba8-f18e-48df-bf8d-0b305d4c6aaa
Christie's Luxury Pool Builders,Bonita Springs,Florida,4.9,41,1,+1239-440-1241,,christiespools.com,https://www.christiespools.com/,https://www.google.com/maps?cid=4925240124994131472,1587a9bb-6b63-4497-b489-0f2f16b161e6
Cityside Swimming Pool Contractors,Weston,Florida,5,47,1,+1954-466-0602,,swimmingpoolwestonfl.com,https://swimmingpoolwestonfl.com/,https://www.google.com/maps?cid=10555116171550575318,465cd9ad-7146-4b7f-ad5a-98d00cf312c9
Clearwater Pools & Patio,Miami,Florida,4.8,79,1,+1305-278-9395,,clearwatermiami.com,https://clearwatermiami.com/,https://www.google.com/maps?cid=1671960078916019143,4e2cd5fa-4b98-4d64-b895-2a1b55b4e2e2
Coastal Custom Pool & Spa,Fort Myers,Florida,4.8,88,1,+1239-437-3636,,coastalcustompoolandspa.com,https://coastalcustompoolandspa.com/,https://www.google.com/maps?cid=9089048024273448288,0decce78-d577-4df3-8a3d-6316a9ccc8f9
Coastal Luxury Outdoors | St. Augustine,St. Augustine,Florida,5,66,1,+1904-543-2626,,coastalluxurypv.com,https://www.coastalluxurypv.com/st-augustine/,https://www.google.com/maps?cid=7241683074868958907,5f541772-91c1-47e9-984b-3f01ae0139cf
Coastal Oasis Pools,Brooksville,Florida,5,121,1,+1352-601-0452,,coastaloasispools.net,https://coastaloasispools.net/,https://www.google.com/maps?cid=15702957565109723956,fbcc79e0-cc4f-4548-b179-83c986b669a3
CollinsBuilt Pools,Lake Helen,Florida,4.9,72,1,+1386-775-7665,,collinsbuiltpools.com,http://collinsbuiltpools.com/,https://www.google.com/maps?cid=3324561930730782032,33a9a831-fd3a-45e0-a0e7-c548809c0644
Comfort Pools,Dunedin,Florida,4,54,1,+1727-512-8244,,comfort-pools.com,http://comfort-pools.com/,https://www.google.com/maps?cid=11936528499255497881,d0a2ae18-9c8c-4ffa-b809-9be239d33061
Connected Pools,Pompano Beach,Florida,5,88,1,+1786-865-5695,,connectedpools.us,https://connectedpools.us/,https://www.google.com/maps?cid=1334444561181055666,dfe9f308-2b4b-4204-808e-d221508fafe2
"Coral Pool Company, LLC",,Florida,4.9,124,1,+1305-699-4080,,coralpoolcompany.com,https://www.coralpoolcompany.com/?utm_source=google&utm_medium=business_profile&utm_campaign=website,https://www.google.com/maps?cid=1032982756807404743,a306cca8-1252-4952-9a50-b003020a30d7
Craft Master Custom Pools,West Palm Beach,Florida,3.9,70,1,+1561-798-7929,,craftmastercustompools.com,https://craftmastercustompools.com/,https://www.google.com/maps?cid=2087023544800818387,a44bd7df-56c5-409a-bdf1-d56466957af6
Crown Pools Inc,Jacksonville,Florida,4.2,60,1,+1904-858-4300,,crownpoolsinc.com,http://www.crownpoolsinc.com/,https://www.google.com/maps?cid=16363505153456461442,5332d07f-cf52-4cec-b219-0c32545cd843
Crystal Pools And Spas Of North Florida Inc,Orange Park,Florida,3.8,70,1,+1904-272-5676,,crystalpoolsandspasfl.com,http://www.crystalpoolsandspasfl.com/,https://www.google.com/maps?cid=11502145772731557142,db124522-44d9-4ccc-8d98-c4ac5de74978
Custom Pools by Design,Fort Myers,Florida,4.8,84,1,+1239-573-4439,,custompoolsbydesign.com,https://www.custompoolsbydesign.com/,https://www.google.com/maps?cid=5397821576394667973,2a1e824b-e3de-4398-9100-35aa24fd6003
Custom Watershapes Inc.,,Florida,4.8,111,1,+1954-637-3075,,customwatershapes.com,http://www.customwatershapes.com/,https://www.google.com/maps?cid=4879168689871092718,73689e85-c099-4673-9d52-301f021c2445
Cypress Creek - Outdoor Living Company,Port Orange,Florida,4.5,45,1,+1386-384-8369,,cypresscreekhome.com,https://cypresscreekhome.com/,https://www.google.com/maps?cid=7517525607939249557,45a0f303-53ba-43e9-bc2e-39690aab7cc7
D' Pool Store & Construction,Miami,Florida,4.3,53,1,+1305-222-1055,,dpoolstore.com,https://dpoolstore.com/,https://www.google.com/maps?cid=7074693975228097130,6d92d861-1e69-4c50-839e-c891b96744cf
DF Pools,Pompano Beach,Florida,4.3,41,1,+1954-740-1585,,dfpoolsusa.com,https://dfpoolsusa.com/,https://www.google.com/maps?cid=875194364607545086,492eedb2-48cb-471a-9ca5-25f592f79853
DIG IT POOLS LLC Swimming pool contractor,Oldsmar,Florida,4.9,68,1,+1727-421-9548,,digitpools.com,https://digitpools.com/,https://www.google.com/maps?cid=17034062604424675639,c4a47412-1817-45c3-83fd-525c4c23ec7d
DOLPHIN POOLS GULF BREEZE,Gulf Breeze,Florida,4.9,43,1,+1850-916-1979,,dolphinpoolsgulfbreeze.com,https://www.dolphinpoolsgulfbreeze.com/,https://www.google.com/maps?cid=12949269303707079780,c759de1b-90cd-447d-9ddf-f844a3b3a8e6
Dade Pools Construction,,Florida,5,58,1,+1305-995-0993,,dadepools.net,https://dadepools.net/,https://www.google.com/maps?cid=17087783464790256829,e075118f-5b22-465b-ac17-094ae66437ce
Daydream Pools,,Florida,4.6,62,1,+1321-353-6164,,daydreampools.com,https://daydreampools.com/,https://www.google.com/maps?cid=15023941152508123170,2f86041e-f848-430b-9321-b3e88e123242
Design Concepts & Construction,Cape Coral,Florida,5,46,1,+1239-945-1812,,designconceptspools.com,http://www.designconceptspools.com/,https://www.google.com/maps?cid=1562700777810648754,2d682236-5e23-4786-8119-1e46c788e8e9
Designer Pools,Miami,Florida,4.7,54,1,+1305-969-6300,,designerpools.co,http://www.designerpools.co/,https://www.google.com/maps?cid=11513043770854230367,24411eeb-378a-443d-92ec-bbe0ca0f2227
Differenza Pools,Apollo Beach,Florida,4.9,66,1,+1813-777-6151,,differenzapools.com,https://www.differenzapools.com/,https://www.google.com/maps?cid=14454936840320706512,a23aee15-447e-45d4-ba1f-5413d5510770
"Dixie Pools And Spas, Inc",Winter Garden,Florida,3.4,41,1,+1407-298-9159,,dixiepools.com,http://www.dixiepools.com/,https://www.google.com/maps?cid=12551456359890841038,da27e3fb-2ed2-445a-ad4c-24e5df95558b
Dolphin Pools & Spas Inc,Jupiter,Florida,5,105,1,+1561-767-2524,,dolphinpoolsnspas.com,http://www.dolphinpoolsnspas.com/,https://www.google.com/maps?cid=12415899633879467943,69276c3f-ae94-4e7e-9336-740126b1e4ff
Downrite Pool & Spa,Hialeah,Florida,4.3,44,1,+1305-668-9778,,downritepools.com,http://www.downritepools.com/,https://www.google.com/maps?cid=2829346539517278191,862432a6-3401-4081-b8a7-c4ceb0ff6c98
Dream Pools of South Florida,Miami,Florida,4.6,101,1,+1305-910-9595,,dreampoolsfl.com,https://www.dreampoolsfl.com/?utm_source=google&utm_medium=gmb&utm_campaign=seo,https://www.google.com/maps?cid=12075967008841952061,2cd63f2e-f196-4db3-b6b1-c60e928f8b79
Duwet Pools & Spas,Bradenton,Florida,4.6,93,1,+1941-744-9290,,duwetpools.com,https://duwetpools.com/,https://www.google.com/maps?cid=16037029815517486864,cc63d116-8bfc-4334-ad1e-c08bad3bece1
Dynasty Pools and Spas,Tampa,Florida,4.7,84,1,+1813-377-2002,,dynastypoolsfl.com,https://dynastypoolsfl.com/,https://www.google.com/maps?cid=1264761252675881096,f1d95df2-3494-4995-a782-04c5b63e41ef
Elite Pools of South Florida,Miami,Florida,5,64,1,+1786-554-8998,,pools305.com,http://www.pools305.com/,https://www.google.com/maps?cid=9292494655588994312,6390c8f9-af20-497e-bb5b-c5f66beb876a
Emerald Coast Fiberglass Pools,Pensacola,Florida,3.8,54,1,+1850-479-9202,,emeraldcoastfiberglasspools.com,https://www.emeraldcoastfiberglasspools.com/,https://www.google.com/maps?cid=9993888504831697624,5d685d86-7b18-41c1-9230-3ad64351ceeb
Emerald Isle Pools,,Florida,4.9,56,1,+1813-522-0414,,eipools.com,https://eipools.com/?utm_source=gbp&utm_medium=organic,https://www.google.com/maps?cid=14296579331740511762,5f37deab-fd38-4124-bb2c-b3b495518d45
Endless Summer Pools Of Florida Inc.,Delray Beach,Florida,4.5,58,1,+1561-513-0658,,espoolsfla.com,https://espoolsfla.com/,https://www.google.com/maps?cid=8988914546624898927,7ea7e0be-a14a-4491-9d4e-170581fd1083
Epic Pools,Jacksonville,Florida,4.7,110,1,+1904-417-5100,,epicpool.com,https://epicpool.com/pool-builder-jacksonville-fl/,https://www.google.com/maps?cid=11959848385114967780,0f97fb4b-ddd3-48ac-9df1-aa8f2485d2bb
Epic Watershapes,West Palm Beach,Florida,5,55,1,+1561-462-5161,,epicwatershapes.com,https://epicwatershapes.com/pool-builders-west-palm-beach/,https://www.google.com/maps?cid=8262681491468381004,683b481c-b1d7-40e9-8fb2-a934eb58e1e5
FLA Pools Inc.,Brandon,Florida,3.9,102,1,+1813-839-7665,,flapools.com,https://flapools.com/,https://www.google.com/maps?cid=7380567383115338947,51a3262a-b696-40b9-8578-f1d79eed40da
"Family Pools, Inc.",Port St. Lucie,Florida,4.1,125,1,+1772-878-8452,,familypoolsinc.com,http://familypoolsinc.com/,https://www.google.com/maps?cid=17171389933991083780,97a65315-cdf0-44c0-afdd-a6333040adc9
Fantasy Pools,Merritt Island,Florida,4.5,40,1,+1321-863-2560,,fantasypoolsflorida.com,http://www.fantasypoolsflorida.com/,https://www.google.com/maps?cid=13031376659581317926,a6e33e89-d250-4b75-a68f-9af92b846be6
Five Star Pool,Oldsmar,Florida,4.7,99,1,+1813-792-7665,,5starpool.com,https://5starpool.com/,https://www.google.com/maps?cid=8578934049552223802,9be547c0-d3a2-415a-ad13-33521dd76e83
"Five Star Pool Professionals, Inc.",,Florida,4.7,143,1,+1888-545-4325,,5starpoolpros.com,http://www.5starpoolpros.com/?utm_source=google&utm_medium=wix_google_business_profile&utm_campaign=3893877072395181876,https://www.google.com/maps?cid=18088519032826715397,10d19385-4651-4764-91ea-3886f5045f28
Fl Custom Pools,,Florida,5,49,1,+1772-480-1885,,flcustpools.com,https://flcustpools.com/,https://www.google.com/maps?cid=2244715959323600993,847d0bdd-f0f3-4801-9279-5713e43f657b
"Florida Coastal Contractors, LLC",St. Augustine,Florida,4.8,101,1,+1904-827-3962,,dreambackyardbuilders.com,https://www.dreambackyardbuilders.com/?utm_source=google&utm_medium=organic&utm_campaign=gbp-listing,https://www.google.com/maps?cid=14892410179875305250,88a474f9-adaf-4d1b-a7b3-7c52f5b06f5c
Florida Pool Patio,Miami,Florida,4.6,62,1,+1305-590-5263,,floridapoolpatio.com,https://floridapoolpatio.com/?utm_source=GMBlisting&utm_medium=organic,https://www.google.com/maps?cid=7023834688584666745,eb696922-f42b-4e9f-98f9-8ee3418ffc8e
Florida Vibes Pools and Patio,,Florida,5,82,1,+1786-973-5553,,floridavibespool.com,http://www.floridavibespool.com/,https://www.google.com/maps?cid=15636652507479401006,72d4ddb7-9bba-4c11-85e6-13bfe29b2b10
Flōridian,West Palm Beach,Florida,5,148,1,+1561-639-7931,,floridianinc.com,https://floridianinc.com/,https://www.google.com/maps?cid=5604155841599331684,3ef97d55-510c-42f5-b65e-05cbb353950c
Fox Pools Inc,Sarasota,Florida,4.8,61,1,+1941-202-0488,,foxpoolsfl.com,https://www.foxpoolsfl.com/,https://www.google.com/maps?cid=3903106703716721634,bf335837-17b1-4c81-abfc-7918d431847e
Frontline Pools,,Florida,5,88,1,+1813-606-2697,,frontlinepools.com,https://www.frontlinepools.com/,https://www.google.com/maps?cid=969558882720961412,e63a90e9-3209-46d8-a3f6-3f8426d19c8f
Fulton Pools Inc,Port Charlotte,Florida,4.2,41,1,+1941-625-7929,,fultonpools.com,https://www.fultonpools.com/,https://www.google.com/maps?cid=4557050792372210741,a566b395-d07c-4ef0-85c2-c3fe0c45e1dd
GPI Pools - Florida,Hollywood,Florida,4.7,71,1,+1786-279-9810,,gpipools.com,https://gpipools.com/,https://www.google.com/maps?cid=10473273567325720996,ac605117-0068-443a-a44c-5ec36345f0d2
Gables Pool,Miami,Florida,4.8,46,1,+1305-220-3350,,gablespool.com,https://gablespool.com/,https://www.google.com/maps?cid=1272344157495796885,f1c3e956-fe04-4bdc-aca8-9142888785d0
Geronimo Poolmaster 2,Homestead,Florida,4.6,45,1,+1305-992-8217,,geronimopoolmaster2.com,http://www.geronimopoolmaster2.com/,https://www.google.com/maps?cid=10315282752300292466,e5e2ca67-adff-4cc6-9f0d-97a3dbf308f6
Gettle Pools Inc.,Sarasota,Florida,3.7,66,1,+1941-366-6267,,gettlepools.com,https://gettlepools.com/,https://www.google.com/maps?cid=368051147427231101,06cadbab-9295-46f3-801e-ea13aa02e767
Gold Coast Pools,North Fort Myers,Florida,5,44,1,+1239-933-1008,,poolheatersleecountyfl.com,https://www.poolheatersleecountyfl.com/,https://www.google.com/maps?cid=1142078011448021479,9bb0e7d7-02f4-4438-b71b-4c3401b496bc
Goldsmith Pools,Lakeland,Florida,5,52,1,+1863-600-4605,,goldsmithpools.com,https://goldsmithpools.com/,https://www.google.com/maps?cid=5612917084664903620,a71fa87e-9322-459e-8a47-b7f3a1397a16
Good Life Pools,Venice,Florida,5,83,1,+1941-375-9928,,goodlifepoolsfl.com,https://goodlifepoolsfl.com/,https://www.google.com/maps?cid=495122389062519429,98bde968-d9cb-4270-98a4-3af2c1cc6c75
Graco Construction,Lithia,Florida,4.9,81,1,+1813-724-4900,,gracoconstruction.com,https://gracoconstruction.com/,https://www.google.com/maps?cid=11666803670542491049,d0b7272f-8fa6-4b15-8562-6bdcdcd180b0
Griffin Pools,Lakeland,Florida,4.1,140,1,+1863-665-8080,,griffinpools.com,https://griffinpools.com/,https://www.google.com/maps?cid=1614366257613788531,33a7fc54-05c5-4cfd-ab1e-6650b3f90b7b
Grunit Pool Contractors,Orlando,Florida,4.8,65,1,+1888-390-0194,,grunit.com,http://www.grunit.com/,https://www.google.com/maps?cid=1415126656767205885,32058299-09b9-4850-ae41-9d25bc903c0d
Gulf Breeze Pools and Spas,Gulf Breeze,Florida,4.4,73,1,+1850-565-4155,,gulfbreezepoolsandspas.com,https://gulfbreezepoolsandspas.com/?utm_source=google&utm_medium=organic&utm_campaign=gbp-website-link,https://www.google.com/maps?cid=1456940338268278003,d305d41f-9085-4d09-bb06-4b11a0983a37
Gulf Coast Pool & Spa Inc.,Pensacola,Florida,4.3,49,1,+1850-478-1343,,gulfcoastpoolandspa.com,https://gulfcoastpoolandspa.com/,https://www.google.com/maps?cid=3552939744730194119,7d150856-2132-4d28-8c54-de1f744dd0a4
Gulfstream Pools Design and Construction,Sanford,Florida,5,41,1,+1407-575-4714,,gulfstreampooldesigns.com,http://www.gulfstreampooldesigns.com/,https://www.google.com/maps?cid=1307899649332228744,a03260e5-8c85-49ec-96e8-a3dd2b372670
Guntner Custom Pools LLC,Cantonment,Florida,4.5,80,1,+1850-937-1990,,guntnerpools.com,http://www.guntnerpools.com/,https://www.google.com/maps?cid=3646801117962313226,b183730e-9e42-4cf8-bf79-fea2f090c4d5
Gypsy Pools,,Florida,4.9,78,1,+1727-510-1164,,gypsypools.com,http://gypsypools.com/,https://www.google.com/maps?cid=17280021417143174182,3d472d8d-339c-4c9d-8054-465cb441d227
Hallmark Pool & Spa World / Pool Builder Orlando,Kissimmee,Florida,4.2,82,1,+1407-847-4622,,hallmarkpool.com,https://hallmarkpool.com/,https://www.google.com/maps?cid=6683975781920969597,3c5c1ef9-d6cf-4f76-9944-d968c67f47bf
Hang 10 Pools,West Palm Beach,Florida,4.4,43,1,+1800-549-4701,,hang10pools.com,https://www.hang10pools.com/,https://www.google.com/maps?cid=10350817535514545372,be805669-5e90-4388-9f86-2855fd2efecb
Haven Pools LLC,Bunnell,Florida,5,48,1,+1386-999-1042,,havenpoolsllc.com,https://havenpoolsllc.com/,https://www.google.com/maps?cid=7045763465086786298,93b56968-8fec-4257-9df4-10d4863d2945
Hawaiian Island Pools,New Port Richey,Florida,4.8,102,1,+1727-843-0423,,hawaiianislandpools.com,https://hawaiianislandpools.com/,https://www.google.com/maps?cid=16723347915134333074,6ade065a-7bdb-4cfb-b15e-eaa2ba4533d3
Hive Outdoor Living,Tampa,Florida,4.2,94,1,+1813-579-2444,,hiveoutdoor.com,http://hiveoutdoor.com/,https://www.google.com/maps?cid=2622608901334037886,5d669caa-58cc-40c4-a1fe-9685a03ba1a3
"Holcomb Pools, Inc.",,Florida,4.9,91,1,+1850-937-0289,,holcombpools.com,http://holcombpools.com/,https://www.google.com/maps?cid=14107856402109640620,3e475cd3-fd37-4b07-940a-37a4ab1a8fcd
"Holland Pools and Spas, LLC",Longwood,Florida,4.3,134,1,+1407-830-5327,,hollandpools.com,https://www.hollandpools.com/,https://www.google.com/maps?cid=2109891777888845920,c24f5efc-1577-48ad-a489-a5e496fa6501
Hollywood Pools and Spas,Largo,Florida,4.6,52,1,+1727-546-1922,,hollywoodpoolsandspas.com,http://www.hollywoodpoolsandspas.com/,https://www.google.com/maps?cid=214488731950293248,7b599f49-cf19-4704-912f-c7159a8f264e
Iconic Glass Pools And Spas,Miami,Florida,4.9,73,1,+1855-903-7665,,iconicglasspools.com,https://iconicglasspools.com/,https://www.google.com/maps?cid=4097706709531655075,62805c29-ad8b-4b37-b48e-a77a07023d78
Imperial Pool and Spa,,Florida,5,62,1,+1239-910-7122,,imperialpoolandspa.com,https://imperialpoolandspa.com/,https://www.google.com/maps?cid=2899358120201714179,f3f642fc-e184-47a7-923e-e1d40f44d027
Intercoastal Pool & Spa,Melbourne,Florida,4,139,1,+1321-242-4921,,icpoolspa.com,https://www.icpoolspa.com/,https://www.google.com/maps?cid=10634142400161555038,94588ab3-a72b-46f6-a25a-2d7cdac13d0b
"Into H2O Pools and Spas, LLC",Cape Coral,Florida,4.3,43,1,+1239-413-7890,,intoh2opools.com,https://intoh2opools.com/,https://www.google.com/maps?cid=6361710089318973782,1fd6b646-62d7-4da4-b46a-ee29d1bb7ca7
Islamorada Pools,Islamorada,Florida,3.6,42,1,+1305-852-3133,,islamoradapools.com,http://www.islamoradapools.com/,https://www.google.com/maps?cid=8166943354789738506,d27b8d5f-e3f1-46ae-bdae-76670550e657
JR Pool Pros,Miami Lakes,Florida,4.9,66,1,+1305-792-8606,,jrpoolpros.com,https://jrpoolpros.com/,https://www.google.com/maps?cid=3946151992801821209,a0ed8276-7d30-49b5-bfb0-2397d3a7ee6b
"Jeff's Pools Plus, LLC",,Florida,4.8,141,1,+1863-934-2545,,jeffspoolsplus.com,https://jeffspoolsplus.com/,https://www.google.com/maps?cid=8884239785623656216,fcf13c8f-a5b3-4ca0-953d-a34eed6f5fce
Jewell's Pools,,Florida,4.9,57,1,+1321-863-2662,,jewellspoolsfl.com,http://jewellspoolsfl.com/,https://www.google.com/maps?cid=2409140554153818044,7b71053f-d514-4846-a6c6-4a06195f329b
Kingdom Backyard,Boca Raton,Florida,4.9,61,1,+1561-404-8854,,kingdombackyard.com,http://www.kingdombackyard.com/,https://www.google.com/maps?cid=333038707260069346,62ba4fc9-951a-437e-84c5-b7331b2feca5
L'Acqua Azzurra Pools,Fort Lauderdale,Florida,4.9,97,1,+1954-793-7206,,lacquaazzurra.com,http://www.lacquaazzurra.com/,https://www.google.com/maps?cid=9498920001650879521,6eab6f87-0273-4d89-95fd-4824007609c3
LAGASSE' POOLS,Fort Lauderdale,Florida,4.3,43,1,+1954-587-1000,,lagassepools.com,http://lagassepools.com/,https://www.google.com/maps?cid=14767807469947650589,32682a4c-77df-4a5e-88b8-9975cf0ddd8a
Landis Pools,Sarasota,Florida,4.9,114,1,+1941-341-0167,,landispool.com,https://landispool.com/,https://www.google.com/maps?cid=9803095838797398927,795b5a66-796b-4430-b4dd-d0a7bf098774
Landscape Fusion,Tampa,Florida,4.6,53,1,+1813-435-3007,,landscape-fusion.com,https://www.landscape-fusion.com/?utm_source=google&utm_medium=local,https://www.google.com/maps?cid=9255784076822923167,cf077b06-0984-4bb9-86ed-a24d85eb524b
Legacy Custom Pools FL,Port St. Lucie,Florida,4.9,133,2,+1877-327-7665,,legacypools.us,https://www.legacypools.us/,https://www.google.com/maps?cid=13779955880312125338,7de99361-9a1d-4f2c-a744-b58f412e6b96
Lifestyle Pool and Spa,Temple Terrace,Florida,4.9,77,1,+1813-725-2927,,lifestylepoolandspa.com,https://lifestylepoolandspa.com/,https://www.google.com/maps?cid=17238956824183823197,6cefccf1-ea3e-45d6-8d65-a25761e05977
Lightning Pools & Pavers,Dunedin,Florida,3.7,61,1,+1727-587-1261,,lightningpoolsonline.com,https://lightningpoolsonline.com/,https://www.google.com/maps?cid=5642847925609769966,19b262a8-7414-4078-a895-6a2cbb0a239e
Limatech Construction Group,,Florida,5,81,1,+1561-613-9435,,limatechcg.com,https://www.limatechcg.com/,https://www.google.com/maps?cid=11425531728021143066,832d1122-a289-4cef-8370-1576aa92e50b
Louden Bonded Pools,Fort Pierce,Florida,4.2,59,1,+1772-465-2700,,loudenpools.com,https://loudenpools.com/,https://www.google.com/maps?cid=4708626243688507155,f3ee9f4e-ea5b-41e4-a23e-a73257229aa3
Lucaya Pools,,Florida,5,105,1,+1352-843-3644,,lucayapools.com,https://lucayapools.com/,https://www.google.com/maps?cid=5072504494348830425,5e2f562a-4225-4e17-8fea-5b8483822672
Luke Gell Pools LLC,,Florida,4.4,42,1,+1321-890-4676,,lukegellpools.com,https://lukegellpools.com/,https://www.google.com/maps?cid=1497877422174515792,ca793ac8-3cfd-46c1-bdb3-ea042782378f
M&M Pool Builders,Boca Raton,Florida,4.9,45,1,+1561-892-1826,,mmpoolbuilders.com,https://mmpoolbuilders.com/,https://www.google.com/maps?cid=10421434285250136832,c182f935-e31e-4595-b22c-ebbd328cd76c
MAS POOL BUILDERS,Coconut Creek,Florida,5,65,1,+1561-783-9825,,maspoolbuilders.com,https://maspoolbuilders.com/?UTM_source=GMB_listing&UTM_medium=organic,https://www.google.com/maps?cid=11406049391519363249,31c126a7-0f6e-4e1a-afcc-26adbfcbb42a
Mandalay Pools & Spas,Largo,Florida,4.7,50,1,+1727-221-9255,,mandalaypoolsandspas.com,http://mandalaypoolsandspas.com/,https://www.google.com/maps?cid=10255384104341501906,57393202-fd14-408c-b1e4-b8a0b77f23ea
Master Touch Outdoor Living,Boca Raton,Florida,5,63,1,(561) 726-8777,,mastertouchpools.com,https://mastertouchpools.com/pool-services-boca-raton-fl/?utm_campaign=gmb,https://www.google.com/maps?cid=769788550469245595,7d4b8db0-2bcc-4ef5-92d4-dd64aef9cd69
Messina Pools,North Port,Florida,4.7,75,1,+1941-549-5859,,messinapools.com,http://messinapools.com/,https://www.google.com/maps?cid=14184182573013924061,3afc980f-45ec-479f-bab7-3f30c0cad8a4
Miami Master Pools & Decor,Homestead,Florida,4.7,57,1,(305) 776-9914,,miamimasterpools.com,https://www.miamimasterpools.com/,https://www.google.com/maps?cid=17276234348164498746,16b55e99-794a-4ee8-94ac-d808b3d71d4c
"Mike Dean Pools, Inc.",Winter Haven,Florida,4.1,56,1,+1863-287-9969,,mikedeanpools.com,https://www.mikedeanpools.com/,https://www.google.com/maps?cid=7268836145996640315,2455e593-73ed-46c6-98a1-ce7594333b65
"Nassau Pools Construction, Inc.",Naples,Florida,4.4,74,1,+1239-643-0990,,nassaupools.com,http://www.nassaupools.com/,https://www.google.com/maps?cid=4365327642125866348,ed25f417-5971-40b0-9820-7588fa403cee
Natural Springs Pools,Lutz,Florida,4.4,135,1,+1813-933-9500,,naturalspringspools.com,https://www.naturalspringspools.com/?utm_source=local&utm_medium=organic&utm_campaign=gmb,https://www.google.com/maps?cid=1253464800865674870,405ea4b4-35b0-4ab6-b8a7-3e6ebb48dd1d
Nelson Pool Company,Sarasota,Florida,4.8,112,1,+1941-256-4079,,nelsonpoolcompany.com,https://www.nelsonpoolcompany.com/?utm_source=Google+Business+Profile&utm_medium=Pool+Remodel&utm_id=Nelson+Pool+Company,https://www.google.com/maps?cid=14886659640017767485,869f3abe-d97d-4a2a-ad2d-eb72804e3d57
Neway Pools | Luxury Pool Builder in Florida,Gulf Breeze,Florida,4.5,52,1,+1850-679-6556,,newaypools.com,https://newaypools.com/gulfbreeze-fl/,https://www.google.com/maps?cid=12643456240793266967,5e0fc260-fff6-4109-8a17-e126312ed8b8
Nic's Pool Construction,,Florida,5,48,1,+1352-263-5918,,nicspools.com,https://nicspools.com/,https://www.google.com/maps?cid=2598182155474125028,f10a93d2-2fe9-477f-83d6-10c51f1fe5d5
OMNI Swimming Pools,,Florida,5,41,1,+1305-302-7388,,omniswimmingpools.com,https://omniswimmingpools.com/,https://www.google.com/maps?cid=8622875482090031012,816b73ed-4005-4ae0-9de9-170113fafec8
Oasis Pools & Outdoors,St. Augustine,Florida,4.5,106,1,+1904-547-9308,,oasis-outdoors.com,http://www.oasis-outdoors.com/,https://www.google.com/maps?cid=9830898409334750440,3487c6ae-79df-4d73-9d52-4b6cb7167510
"Old Town Custom Pools, Inc",Palm Coast,Florida,4.9,40,1,(904) 295-2099,,oldtowncustompools.com,http://oldtowncustompools.com/?utm_source=GBP&utm_medium=Google+Business+Profile,https://www.google.com/maps?cid=7642075614249649793,d9a3fea3-67ba-4b2b-bed5-6af5f6ec4ca9
Orange County Pools & Pavers,Longwood,Florida,4.7,41,1,+1407-740-4179,,ocpaver.com,http://www.ocpaver.com/,https://www.google.com/maps?cid=533800805736734431,79ef96cd-7d7e-4a43-b01c-e0fbcd4a6835
Orca Pools LLC,Mascotte,Florida,4.5,122,1,+1352-552-3696,,orcapools.net,http://www.orcapools.net/,https://www.google.com/maps?cid=12999609934077591467,d242af8a-5e4d-4f73-a105-61750206887a
Outback Pools FL,,Florida,4.8,124,1,+1352-789-8628,,outbackpoolsfl.com,https://outbackpoolsfl.com/,https://www.google.com/maps?cid=3894736664143977151,da89e0c7-1316-4da3-b04d-7e344ce77dcf
Outdoor Patio Designs,Miami,Florida,4.4,56,1,+1305-450-9213,,outdoorpatiodesign.com,http://outdoorpatiodesign.com/,https://www.google.com/maps?cid=8371275509008549161,6613c4ce-f656-44eb-b0d2-0c710f710c1e
PCS Pools,Largo,Florida,4.7,99,1,+1727-877-7060,,pcs-pools.com,https://www.pcs-pools.com/,https://www.google.com/maps?cid=13734749456468686720,15029be4-7b11-4faa-b50e-5085ea5048e2
Palazzo Pool & Spa,Cape Coral,Florida,4.4,47,1,+1239-205-6100,,palazzopoolandspa.com,https://www.palazzopoolandspa.com/,https://www.google.com/maps?cid=10240683572853790559,1d94d4fb-54e2-486d-92ef-d40c96d09423
Palm Bay Pools LLC,Southport,Florida,4.8,71,1,+1850-571-3090,,panamacitypools.com,http://panamacitypools.com/,https://www.google.com/maps?cid=2615503208674377897,23221fdb-3e24-4ee4-beda-a18468dbb4dd
"Palm Pool & Spa, Inc.",Wellington,Florida,4.8,113,1,+1561-792-5326,,palmpoolandspainc.com,http://www.palmpoolandspainc.com/,https://www.google.com/maps?cid=18101308372918278343,7c961e70-d2b5-4f0f-aa1c-73c746ddf0d4
Paradise Pools By Design,Altamonte Springs,Florida,4.5,62,1,+1407-777-7665,,paradisepoolsbydesign.com,http://www.paradisepoolsbydesign.com/,https://www.google.com/maps?cid=8256384694313901595,f2f04ade-4d55-4f23-a5ea-eeab456d0093
Paragon Pools of NCF,,Florida,4.8,48,1,+1352-203-3971,,swimparagon.com,http://swimparagon.com/,https://www.google.com/maps?cid=16284727953911493219,635b62d3-4912-4f7c-b794-e857cf2ba434
Payne Pool Professionals Tampa,,Florida,4.9,59,1,+1813-421-1159,,paynepoolprofessionals.com,https://paynepoolprofessionals.com/tampa/,https://www.google.com/maps?cid=8559235601063367297,ecb0ebad-3943-403f-bed7-487ed62c2855
Pelican Pools,Palm Coast,Florida,4.8,57,1,+1305-878-9095,,pelican-pools.com,http://www.pelican-pools.com/,https://www.google.com/maps?cid=5413163524173420222,000b5566-9222-4f15-80f4-a696ffd5c8b2
Pettit Pools,Port Richey,Florida,3.8,91,1,+1727-847-7665,,pettitpools.com,https://www.pettitpools.com/,https://www.google.com/maps?cid=4411652324744698629,3e36934d-d95b-438b-a6cd-d633f9026b64
Piccs Designs Pool & Spa,New Port Richey,Florida,4.7,77,1,+1727-992-9269,,piccspools.com,http://piccspools.com/,https://www.google.com/maps?cid=17986168365873631140,7822a8cb-dd4c-4b88-a729-39052161553e
Picture Perfect Pools,Tavares,Florida,4.8,103,1,+1352-343-7755,,mypictureperfectpool.com,http://mypictureperfectpool.com/,https://www.google.com/maps?cid=13814285836334021157,55e45c1b-b99d-49e7-9055-7afc01be6026
Pineapple Pools of Florida,Melbourne,Florida,4.5,54,1,+1321-328-5082,,pineapplepoolsflorida.com,http://pineapplepoolsflorida.com/,https://www.google.com/maps?cid=14579284537806723391,2a33499e-1f53-4b85-a63a-4a043e8d97ff
"Pinnacle USA, Inc.",Naples,Florida,3.2,56,1,+1239-596-1600,,pinnaclepoolandspa.com,https://pinnaclepoolandspa.com/,https://www.google.com/maps?cid=7427571109378687633,35881817-d87b-4216-9739-e2786b1cea18
Pinnacool Pool And Spa Llc,Zephyrhills,Florida,4.9,141,1,+1813-435-0250,,pinnacoolpoolandspa.com,https://pinnacoolpoolandspa.com/,https://www.google.com/maps?cid=4033263120314219544,b21acc4e-71de-4980-b770-96f4b125d3df
Pisces Pool & Construction Corp,,Florida,5,69,1,+1305-968-6647,,piscespool.com,http://www.piscespool.com/,https://www.google.com/maps?cid=6251140274727717761,9da8132a-90fb-4417-99b4-510b520127ad
Plan It Pools,,Florida,4.8,55,1,+1321-255-2426,,planitpools.com,http://planitpools.com/,https://www.google.com/maps?cid=15417300813341268931,d61d0324-1e6f-42fa-8493-0f6eab8ed3b5
Pool & Patio Design,Pompano Beach,Florida,4.9,123,1,+1954-650-0260,,poolpatiodesign.com,https://poolpatiodesign.com/,https://www.google.com/maps?cid=3172373355608355515,1de7ac55-f079-46d3-aae1-5b531bfe9064
Pool Company - Precision Pavers and Pool Design,Pompano Beach,Florida,4.7,82,1,+1954-200-3501,,precisionpaverpools.com,https://www.precisionpaverpools.com/?utm_source=googlemybusiness,https://www.google.com/maps?cid=1473866624880126481,5ebca702-f411-4928-b5d9-047077ca2650
Pool Design Consultant / Custom 3D Designs & Plans,Lake Mary,Florida,4.4,44,1,+1407-314-0857,,pooldesignconsultant.com,https://pooldesignconsultant.com/,https://www.google.com/maps?cid=14279236974237061293,caec1d7a-a170-4880-8d94-77b83ad3bfd3
Pool Nerds of SWFL,,Florida,4.8,77,1,+1239-220-0226,,poolnerdsfl.com,http://poolnerdsfl.com/,https://www.google.com/maps?cid=4913485781358791486,7766d1f0-e853-4014-948d-6b3a957601a7
Pool Pros Builder,Davie,Florida,4.8,110,2,+1786-384-0636,,poolprosbuilder.com,http://www.poolprosbuilder.com/,https://www.google.com/maps?cid=1170178537680075327,c9d008f2-96b0-420e-b76e-0b651708ac69
Pool Pros Construction,Dade City,Florida,5,150,1,+1352-467-9383,,poolproscfl.com,http://www.poolproscfl.com/,https://www.google.com/maps?cid=8419594617670821693,6bc23f62-2d7f-4c87-80b8-230c3c888c96
Pool Pros of Pasco,Spring Hill,Florida,4.7,101,1,+1727-247-2214,,poolprosofpasco.com,https://poolprosofpasco.com/,https://www.google.com/maps?cid=16480711698180595025,4629205b-8a47-4fc1-b0ba-d04237063d6a
"Pool Pros, Inc.",Fort Myers,Florida,3.8,54,1,+1239-277-7783,,poolpros-inc.com,https://www.poolpros-inc.com/,https://www.google.com/maps?cid=5853887028323906447,ee3c41d8-a4df-4d76-aded-16c897c9d09b
"Pools 'N Spas, Inc.",Jacksonville,Florida,4.8,53,1,+1904-467-2541,,poolsandspasflorida.com,https://www.poolsandspasflorida.com/?utm_source=Google+Business+Profile&utm_campaign=Pool+Builders&utm_id=Pools+%27N+Spas%2C+Inc,https://www.google.com/maps?cid=3775930346422271295,f9a9d3b6-aaa5-4e1e-92d3-6b8e3fb055c1
Pools By Bradley,New Smyrna Beach,Florida,4.9,130,1,+1386-410-7946,,poolsbybradley.com,https://poolsbybradley.com/,https://www.google.com/maps?cid=16115910291520303602,9f5bd0a8-5710-4543-ac22-e5de814e23bb
Pools By Greg Inc,Port St. Lucie,Florida,3.8,118,1,+1772-337-9713,,poolsbygreginc.com,https://www.poolsbygreginc.com/,https://www.google.com/maps?cid=3606027220110449413,f81c7bec-cbba-4918-9906-9aade37081da
Pools Down Pat LLC,Brooksville,Florida,5,53,1,+1727-742-4875,,poolsdownpat.com,http://poolsdownpat.com/,https://www.google.com/maps?cid=5909960149480155312,e587390d-2462-4eda-bd73-3fa369caa5ec
Pools by D.T.,Pembroke Pines,Florida,4.9,77,1,(786) 238-5675,,poolsbydt.com,http://www.poolsbydt.com/,https://www.google.com/maps?cid=18223492581905970345,d5760960-0a08-4c00-906b-f2321ad30d5e
Pools by Design FL | Sarasota Pool Builder,Sarasota,Florida,4.9,43,1,+1941-951-1155,,poolsbydesignfl.com,http://poolsbydesignfl.com/,https://www.google.com/maps?cid=18277452594363864810,86440a5b-25de-4004-92e6-d7a69e7ce683
"Pools by Lowell, Inc.",Bradenton,Florida,4.5,57,1,+1941-727-1227,,poolsbylowell.com,http://www.poolsbylowell.com/,https://www.google.com/maps?cid=9758294656715053561,ceceb2ce-eea6-4d0e-a10d-378dfe12b92f
Post Time Pools,Seminole,Florida,3.5,64,1,+1727-821-4228,,postpools.com,http://postpools.com/,https://www.google.com/maps?cid=14550276418783561444,99f2d58a-4975-4092-824f-1822d7314e6a
Premier Outdoor Inc,Fruit Cove,Florida,4.8,90,1,+1904-201-2280,,premieroutdoorinc.net,https://www.premieroutdoorinc.net/,https://www.google.com/maps?cid=15059707736744178090,468eb1c9-8231-4016-afce-d89a3094edb6
Premier Pool Contractor,Leesburg,Florida,4.7,53,1,+1352-829-9936,,premierpoolcontractor.com,https://premierpoolcontractor.com/,https://www.google.com/maps?cid=6209000820710793516,100378fc-7be6-4346-b1da-4b876e02b2bb
Premium Pool and SPA - Pavers,Hudson,Florida,4.9,44,1,+1727-271-5975,,pascopoolremodelpavers.com,http://www.pascopoolremodelpavers.com/,https://www.google.com/maps?cid=1923311618858902265,4f8dbd15-a501-4b1e-8366-91edb6522aeb
Pristine Pools,,Florida,5,91,1,+1321-212-9936,,mypristinepool.com,http://www.mypristinepool.com/,https://www.google.com/maps?cid=16902447850758640342,66a25e77-e77c-4ab3-aaff-225b322078f1
Pristine Pools Miami,,Florida,5,57,1,+1305-462-4008,,pristinepoolsmiami.com,https://www.pristinepoolsmiami.com/,https://www.google.com/maps?cid=10514686317978452395,71ea76db-ed8f-4563-8deb-b983fb4ad65e
Pugh Pools and Spas,Boynton Beach,Florida,4.3,75,1,(561) 644-8792,,pughspools.com,http://www.pughspools.com/,https://www.google.com/maps?cid=890102372151881867,24056805-bb78-4b4b-bf66-02c3a5b63260
Purple Heart Pools Inc.,Jacksonville,Florida,4.6,77,1,+1904-207-4602,,purpleheartpools.com,https://purpleheartpools.com/,https://www.google.com/maps?cid=566218003419975118,2aafa9a0-2d27-4b59-9477-ef6411b0f03e
"Right Choice Pools & Spas, Inc.",Boca Raton,Florida,3.7,98,1,+1954-261-9013,,rightchoicepools.com,https://rightchoicepools.com/,https://www.google.com/maps?cid=18058674245785152910,22786096-175e-4219-9def-630ea4ffa949
Rising Sun Pool & Spa,Wellington,Florida,4.9,105,1,(561) 598-1515,,risingsunpoolandspa.com,https://risingsunpoolandspa.com/,https://www.google.com/maps?cid=3481278056804874889,50ac17e8-0bb6-4c04-beec-994b5e410444
Rite Way Pools Inc,Wilton Manors,Florida,4.8,46,1,+1954-565-5562,,ritewaypools.com,https://ritewaypools.com/,https://www.google.com/maps?cid=17853469226775851986,69b68c83-4ac2-4785-9aa6-894d8f882b9f
"Ritzcraft Pools and Pavers, Inc.",Sarasota,Florida,4.2,94,1,+1941-538-7671,,ritzcraftpoolsandpavers.com,https://ritzcraftpoolsandpavers.com/?utm_source=localfx&utm_medium=organic&utm_campaign=localfx&utm_content=gbp,https://www.google.com/maps?cid=10893601706180064385,99300a3e-9baa-43aa-a16b-515167026f3a
Roden Pool Contracting Inc,Winter Haven,Florida,4.6,62,1,+1863-299-2828,,rodenpools.com,https://www.rodenpools.com/,https://www.google.com/maps?cid=7091997155618918415,ff5b5300-b7e8-4648-8d4c-64b3be235443
Rosmel Pools,Doral,Florida,4,75,1,+1305-592-7900,,rosmelpools.com,https://www.rosmelpools.com/,https://www.google.com/maps?cid=15313939939196716099,7be90974-7928-4ac4-8824-7ca14d453836
Royal Gardens Contracting,Casselberry,Florida,5,43,1,+1407-636-9639,,royalgardenscontracting.com,http://royalgardenscontracting.com/,https://www.google.com/maps?cid=14240833087796671224,a1fcc1c9-d95e-4f28-b395-985c8556ccf7
SWFL POOL PROS LLC,,Florida,4.5,68,1,+1239-872-8186,,swflpoolpros.com,https://swflpoolpros.com/,https://www.google.com/maps?cid=9743291116849770127,5a350448-4bff-4416-b5d4-9d119012e853
Salvo Pools,Tallahassee,Florida,4.5,57,1,+1850-668-4202,,salvopools.com,http://www.salvopools.com/,https://www.google.com/maps?cid=3939575727215908309,2fbe7da2-b329-493b-bc2b-b97c98ea2dca
San Juan Custom Pools & Spas,Cape Coral,Florida,4.5,47,1,+1239-945-1144,,sjpoolspa.com,https://sjpoolspa.com/,https://www.google.com/maps?cid=10858840955531496882,8d379f0c-9776-40f0-a5e3-b9bc775479a8
San Juan Fiberglass Pools,Lakeland,Florida,4.4,111,1,+1877-424-3010,,sanjuanpools.com,https://sanjuanpools.com/,https://www.google.com/maps?cid=8588491334852413150,5c084490-7439-45dc-9076-f665c00f8da8
"Seacrest Pools, Inc.",Pompano Beach,Florida,4.9,40,1,+1954-918-2202,,seacrestpoolsinc.com,http://www.seacrestpoolsinc.com/,https://www.google.com/maps?cid=11383166763130211124,1095f0a5-af9c-45e7-bc48-10dfd3470508
ServCo Pools Inc.,Tallahassee,Florida,4.9,109,1,+1850-500-7665,,servcopools.com,https://servcopools.com/,https://www.google.com/maps?cid=7064302245909568762,54952044-cb48-4639-8396-c805be99ce81
Sharper Image Pools,Tampa,Florida,3.9,81,1,+1813-839-6333,,sharperimagepools.com,https://sharperimagepools.com/,https://www.google.com/maps?cid=9237240776725549103,78c55bc8-c882-449e-883a-bae0606602d6
Shoney's Pools Llc,Palm Harbor,Florida,4.7,52,1,+1727-314-7665,,shoneyspools.com,https://www.shoneyspools.com/,https://www.google.com/maps?cid=9822949899615808645,f1a5c1cc-9fa5-47e7-a6dd-02cc2c9c084e
Shoreline Swimming Pool Contractor,Miramar,Florida,4.9,48,1,+1954-754-6281,,swimmingpoolmiramarfl.com,https://swimmingpoolmiramarfl.com/,https://www.google.com/maps?cid=15085967372584414099,76c0c7a4-e945-4fa8-a5ba-1fae05635619
Signet Pool,Sarasota,Florida,4.6,90,1,+1941-378-2478,,signetpool.com,https://www.signetpool.com/,https://www.google.com/maps?cid=602036067209322998,dfbcbf68-5bcc-4636-966c-59b41d13ed75
South Shore Pools & Luxury Outdoors,Ruskin,Florida,4.7,72,1,+1813-995-3750,,southshorepoolsfl.com,http://www.southshorepoolsfl.com/,https://www.google.com/maps?cid=17000271474840504369,f35fa81c-009f-462c-bcd1-d094be1c3881
Southern Blue Construction inc,Freeport,Florida,4.5,68,1,+1850-601-1350,,southernblueconstruction.com,http://southernblueconstruction.com/,https://www.google.com/maps?cid=3550884672503420890,76030804-69c4-4f5a-8022-398e86eb3b4b
Southern Elegance Pools,,Florida,4.8,45,1,+1904-982-6789,,southernelegancepoolsjax.com,http://southernelegancepoolsjax.com/,https://www.google.com/maps?cid=12610014016958365436,9c22a0d0-39e7-400d-b45d-cc7ca8fc438b
Southern Pool Designs,Sanford,Florida,5,105,1,+1407-339-5800,,southernpooldesigns.com,https://www.southernpooldesigns.com/?utm_campaign=gmb&utm_medium=local&utm_source=google,https://www.google.com/maps?cid=48769886362110585,bc592d86-e07f-4a91-87c4-da69f661be38
Southern Pools of Florida,Green Cove Springs,Florida,5,46,1,+1904-465-5621,,gcspoolguys.com,https://gcspoolguys.com/?utm_source=google&utm_medium=organic&utm_campaign=gmb,https://www.google.com/maps?cid=7791352161984525894,2750fede-a8b0-4d89-885b-52be163a7dd6
Southern Serenity Pools,,Florida,4.9,71,1,+1813-665-0155,,southernserenitypools.com,https://www.southernserenitypools.com/,https://www.google.com/maps?cid=8201108152773793889,30acdb12-48c3-4c7d-a3b2-a6cfadf311e4
"Space Coast Poolscapes, LLC",,Florida,5,57,1,+1321-273-7729,,spacecoastpoolscapes.com,https://www.spacecoastpoolscapes.com/,https://www.google.com/maps?cid=4090971243969475082,470578f6-9b8c-42b8-9ff7-594cb5bb66d8
"Spas, Pools & Patio",Sebring,Florida,4.8,73,1,+1863-385-5250,,spaspoolspatio.com,http://www.spaspoolspatio.com/,https://www.google.com/maps?cid=11529053412369546269,7b946d6d-10eb-4be3-9f9f-df566c5b6af0
Splash City Pools,Brandon,Florida,4.9,77,1,+1813-829-1081,,splashcitypools.com,https://splashcitypools.com/?utm_source=GBP,https://www.google.com/maps?cid=1781161074745419848,2b680eca-924b-499d-aade-044b656f3b77
Stylish Pool and Spa,,Florida,4.7,57,1,+1239-285-7626,,stylishpools.com,http://www.stylishpools.com/,https://www.google.com/maps?cid=4376635988483374555,850e63c8-7bff-47b6-a1db-dff927171a3e
"Suncoast Custom Pools, Inc.",Naples,Florida,5,120,1,+1239-631-5502,,sccpools.com,http://www.sccpools.com/,https://www.google.com/maps?cid=14585189243650910808,af490bda-d5c9-4b03-b4ec-42b862b3733c
Sunny Pools,Orlando,Florida,4.8,44,1,+1407-639-4606,,sunnypoolsusa.com,https://sunnypoolsusa.com/,https://www.google.com/maps?cid=18172444012936492517,a73cef91-8869-421c-b264-e18632b2ec6e
"Sunsation Pools & Spas, Inc.",Largo,Florida,4.4,95,1,+1727-510-7070,,sunsationpools.com,https://sunsationpools.com/,https://www.google.com/maps?cid=1478935212481956739,db6cc198-ee6c-4265-a85b-f42a63f18491
"Sunsational Pools & Spas, Inc.",Loxahatchee,Florida,4.5,128,1,+1561-798-5550,,sunsationalpoolsandspas.com,https://www.sunsationalpoolsandspas.com/,https://www.google.com/maps?cid=12524190249291415241,a3b8265d-503d-4178-b6dd-b827d99c859f
Sunset Pools - Southwest Florida Pool Builder,Cape Coral,Florida,4.9,117,1,+1239-772-7665,,sunsetpools.com,http://sunsetpools.com/,https://www.google.com/maps?cid=13233925249884895611,7cb32f44-2838-4563-9b09-73ba22edea1f
Sunshine City Pools,St. Petersburg,Florida,4.4,51,1,+1727-371-5200,,sunshinecitypools.com,http://sunshinecitypools.com/,https://www.google.com/maps?cid=8623240206638319665,cac50749-fefc-449d-b767-63841bf6f7fa
Superior Pools Of Southwest Florida,Fort Myers,Florida,4.8,112,1,(239) 728-3002,,superiorpools.com,https://www.superiorpools.com/,https://www.google.com/maps?cid=11963655881866772068,85fdd36d-1eeb-404e-a2eb-aa7f3bfcc345
SurfSide Pools & Spas,Jacksonville Beach,Florida,4.5,55,1,+1904-246-2666,,surfsidepools.net,http://www.surfsidepools.net/,https://www.google.com/maps?cid=900780712545315828,2e8e98e3-e8ea-457e-9599-fe95c1bcd1fb
Swain Pools & Spas,Tallahassee,Florida,4.3,104,1,+1850-386-7113,,swainpools.com,http://www.swainpools.com/,https://www.google.com/maps?cid=2175951981295297057,1108356c-58f9-453a-a4ae-fbc908831040
T & D Pool Construction,Wildwood,Florida,4.3,53,1,+1352-748-3987,,tdpools.com,http://www.tdpools.com/,https://www.google.com/maps?cid=1642338943274690273,9ee9d878-7cb6-4296-b49e-dcc670204a30
TGS Pools & Pavers,,Florida,5,92,1,,,tgspoolsandpavers.com,https://www.tgspoolsandpavers.com/,https://www.google.com/maps?cid=155742417809908779,96260216-a1bc-43f6-b3a6-bd5bbf3e7dcb
TNT POOLS,Ocala,Florida,4.7,53,1,+1352-857-7288,,tntpools.com,https://tntpools.com/,https://www.google.com/maps?cid=9004483362439825623,ffb961b8-67be-4c8e-a758-61ee57a9ac86
Tested Waters Custom Pools,Sarasota,Florida,5,52,1,+1941-899-5367,,testedwaters.com,https://www.testedwaters.com/?utm_campaign=gmb&utm_medium=gmb&utm_source=gmb,https://www.google.com/maps?cid=6560208397260903358,d3eba30f-4e47-4ed7-a0bb-e0c6522f2703
Tilney Pools,St. Petersburg,Florida,5,132,1,+1727-724-4242,,tilneypools.com,http://tilneypools.com/,https://www.google.com/maps?cid=8718772298629340215,749e946c-3c81-48aa-9f7d-bd1cf105d370
Top Notch Pools,West Palm Beach,Florida,4.3,46,1,(954) 799-4365,,topnotchpools.com,http://www.topnotchpools.com/,https://www.google.com/maps?cid=11228783719319063464,10945dd6-1f9a-4f7c-a2aa-e242f3d2f846
Totally Blu Builders,Wesley Chapel,Florida,4.7,45,1,+1813-550-2023,,totallyblubuilders.net,http://www.totallyblubuilders.net/,https://www.google.com/maps?cid=18309027596677053335,14e7fa48-7c6f-4877-b47a-88b96ad51028
Trendsetter Pools,Tampa,Florida,4.2,55,1,+1813-964-0000,,trendsetterpools.com,http://www.trendsetterpools.com/,https://www.google.com/maps?cid=10970871431938768252,968edd45-59a7-4040-b745-263dcd5c911b
Trevenzoli Pool & Spa,Deerfield Beach,Florida,4.9,113,1,+1305-409-7378,,trevenzolipoolspa.com,https://trevenzolipoolspa.com/site/,https://www.google.com/maps?cid=5762712764666775799,469e4b31-c75f-4519-b2ae-01d3eb503166
Tri County Pool and Spa,Fruitland Park,Florida,4.4,123,1,+1352-326-0600,,tricountypoolspa.com,https://www.tricountypoolspa.com/,https://www.google.com/maps?cid=4529547213273618863,8d0dc358-bb0d-43e2-83fb-1920c66b1004
Trident Pool Solutions,Belleview,Florida,4.6,113,1,+1352-566-1585,,tridentpoolsolutions.com,https://tridentpoolsolutions.com/,https://www.google.com/maps?cid=3599293147476367640,93f78397-18a2-410a-9bc9-8e97c3a4be40
Trinity Pools Inc.,Spring Hill,Florida,4.3,98,1,+1352-346-8418,,poolsbytrinity.com,https://poolsbytrinity.com/,https://www.google.com/maps?cid=17671125115304742993,0bf0a0d7-4e39-4690-93c8-68c7bac3ae8c
"Tropical Pools Construction Swfl, LLC",Cape Coral,Florida,3.5,97,1,+1239-458-7770,,tropicalpoolsconstruction.com,http://tropicalpoolsconstruction.com/,https://www.google.com/maps?cid=6050779671717008418,161cf328-a877-427f-8353-30e37661b464
Tropical Pools Fl LLC,Port Charlotte,Florida,4.2,144,1,+1941-828-0070,,tropicalpoolsfl.com,http://www.tropicalpoolsfl.com/,https://www.google.com/maps?cid=9823021917442090574,fe2f9172-5cbb-493f-b24a-8fd5d7c4f94b
Tropical Pools and Pavers,Clearwater,Florida,4.6,63,1,+1727-474-2142,,tropicalpoolsandpavers.com,http://www.tropicalpoolsandpavers.com/,https://www.google.com/maps?cid=13663991430383204261,8cb81b70-ac23-42cb-95c8-efd1a49aa4ed
Tropicana Pools,Deltona,Florida,4.8,44,1,+1407-221-5390,,tropicanapoolsorlando.com,https://tropicanapoolsorlando.com/,https://www.google.com/maps?cid=5354059498422338248,adec448e-5bde-4bae-9dcd-7fa5e2925630
True Blue Pools Contracting,,Florida,4.5,43,1,+1305-908-5032,,truebluepoolscontracting.com,http://www.truebluepoolscontracting.com/,https://www.google.com/maps?cid=3465121270495245725,6252c845-dd01-438b-9ea2-c22dc4bbef16
Tucker Design Build Inc,Boca Raton,Florida,4.1,45,1,+1561-367-1011,,tuckerdesignbuild.com,http://tuckerdesignbuild.com/,https://www.google.com/maps?cid=6122602219976819453,2c60f0fa-4ec3-43a8-816b-6a2ed3296b41
U.S. POOLS,Palm Harbor,Florida,4.9,42,1,+1727-688-7068,,uspoolsfla.com,http://www.uspoolsfla.com/,https://www.google.com/maps?cid=5153310102259806928,732c86e3-900b-4cfa-846a-f4cc8555a5cb
Umbare Pool builder Lakewood Ranch,Bradenton,Florida,5,50,1,+1941-777-1250,,umbarepools.com,https://umbarepools.com/shop-pools,https://www.google.com/maps?cid=14530667477258982807,5bb1fdf9-a062-480f-aab3-46d650838668
Unique Creations LLC,,Florida,5,61,1,+1352-239-7668,,ucpoolsandmore.com,https://www.ucpoolsandmore.com/,https://www.google.com/maps?cid=695525811178479849,2179147a-bef6-4f8a-80e0-aef4a484ba80
Unique Patios & Pools Inc.,Miami,Florida,4.5,44,1,+1305-929-8845,,uniquepatiospools.com,https://uniquepatiospools.com/,https://www.google.com/maps?cid=13010965343403113057,b9fba523-d676-4741-a0b4-f62d49ff22d0
Vaughns Pools - San Juan Pools,Pensacola,Florida,4.1,44,1,+1850-476-5517,,vaughnspools.com,https://www.vaughnspools.com/,https://www.google.com/maps?cid=11067265724606446801,8e43a73a-47c4-4615-93e3-04014c54a4b4
"Waldhauer & Son, Inc.",Bunnell,Florida,3.2,56,1,+1386-263-8272,,waldhauerpools.com,https://www.waldhauerpools.com/,https://www.google.com/maps?cid=5738980030102632970,3b58a145-aacd-49f9-b6b8-8cc4dda9302d
Watermark Construction LLC,Fort Lauderdale,Florida,4.3,49,1,+1954-776-3338,,watermarkconstructionfl.com,https://www.watermarkconstructionfl.com/,https://www.google.com/maps?cid=16451871064247374884,8885466d-7a57-4ca1-aafa-5ed863f35ff0
Waterside Pools Inc.,Palm Coast,Florida,4.5,113,1,+1386-447-3390,,watersidepoolsinc.com,https://watersidepoolsinc.com/,https://www.google.com/maps?cid=6523364893335912176,a2e33dc2-0f0c-46e3-ab49-3e8a22d04106
Whitton Works,Crestview,Florida,4.9,107,1,+1850-428-2186,,whittonworks.net,http://whittonworks.net/,https://www.google.com/maps?cid=10040398702692039118,18004d3c-5240-48e2-82a0-c8d5b5e72792
"Xecutive Pools, LLC",Tampa,Florida,4,71,1,+1813-298-2218,,xecutivepools.com,http://www.xecutivepools.com/,https://www.google.com/maps?cid=8196188420810682231,085f7c9c-f56e-4654-86f3-363f004918db
Yandle's Splash Time Pools,Ocala,Florida,3.9,66,1,+1352-694-5900,,yandlessplashtimepools.net,http://www.yandlessplashtimepools.net/,https://www.google.com/maps?cid=16880148189852389487,bf165949-4b56-41dc-8289-141efc4ac2fc
CUSTOM POOLS MIAMI,Miami,Florida,4.9,62,1,+1305-255-5315,,custompoolsmiami.com,https://custompoolsmiami.com/,https://www.google.com/maps?cid=10386231252065938850,d9769456-2e9e-401d-8e00-7afa22ec3329
Affinity Outdoor Living,Atlanta,Georgia,4.9,114,2,(678) 324-3609,,affinityol.com,https://www.affinityol.com/atlanta,https://www.google.com/maps?cid=3035644238320637742,c0f41513-c948-4986-be33-7e5de7e0f1a4
All American Landscape & Stone,,Georgia,4.7,66,1,+1706-347-2071,,aalandscapeandstone.com,http://www.aalandscapeandstone.com/,https://www.google.com/maps?cid=4661115956136083098,36c0d2ad-6b5a-4470-ac3e-fbf76df273d3
American Lifestyle Pools,Braselton,Georgia,5,94,1,+1770-932-0101,,americanlifestylepoolsga.com,https://americanlifestylepoolsga.com/,https://www.google.com/maps?cid=11413618036195248531,3af4b617-796d-4119-ade0-bb14fc0400f0
"Anthem Construction and Pools, LLC",Woodstock,Georgia,4.8,42,1,(404) 960-9005,,anthempoolsga.com,https://www.anthempoolsga.com/,https://www.google.com/maps?cid=6574733600991698339,ef56abd4-ee1b-4cdc-bd0c-446f2de9e714
Anthony & Sylvan Pools,Marietta,Georgia,4.9,83,3,+1404-660-2830,,anthonysylvan.com,https://anthonysylvan.com/locations/atlanta-ga/?adsrc=atlanta-yext,https://www.google.com/maps?cid=1316252371939108671,49a2efd9-683f-43b5-b504-f40e191d20e3
Aquaholics Pools,Kingston,Georgia,4.7,42,1,+1770-387-1869,,aquaholicspools.com,http://aquaholicspools.com/,https://www.google.com/maps?cid=18176912524337416714,cb5e88b9-e428-478b-8b87-027659a1c685
Architectural Pools & Spas of Savannah,Savannah,Georgia,4.3,43,1,(912) 224-0611,,architecturalpool.com,http://architecturalpool.com/,https://www.google.com/maps?cid=1303783600629330640,dedc9445-8b9a-4e9b-987f-58cd8db35128
"Artistic Pools, Inc.",Atlanta,Georgia,4,103,1,+1404-282-1556,,artisticpools.com,https://www.artisticpools.com/,https://www.google.com/maps?cid=7438774355907973794,84c008f8-4e4c-4afa-90d6-2d6e30adfccc
Boyce Design + Build,,Georgia,4.9,53,1,+1770-237-0284,,boycedesign.com,https://www.boycedesign.com/,https://www.google.com/maps?cid=10245038222088393542,ebca4f76-8b89-475a-be44-55e1ff960eb2
Build Your Own Pool Of Georgia,Buford,Georgia,4.3,49,1,+1678-765-6434,,buildyourownpoolofgeorgia.com,http://buildyourownpoolofgeorgia.com/,https://www.google.com/maps?cid=14914468309546149759,7dd47aae-5147-4a91-b370-210c7e0646e1
Bulldog Pool Builders,,Georgia,5,43,1,+1706-705-7751,,bulldogpoolbuilders.com,https://bulldogpoolbuilders.com/,https://www.google.com/maps?cid=9781974176583389965,f200cc45-adfe-40b6-ad19-4674932fbf66
Clearwater Pools & Spas,Tifton,Georgia,4.6,40,1,+1229-392-1870,,clearwaterpools229.com,http://clearwaterpools229.com/,https://www.google.com/maps?cid=12008834846859220218,7bd28484-705d-4c7e-b0ea-e61263b033fd
Crystal Water Pools,Cumming,Georgia,4.5,52,1,+1470-281-5693,,crystalwaterpoolsinga.com,https://crystalwaterpoolsinga.com/,https://www.google.com/maps?cid=13446237233975572103,4cc0ce17-c404-45ee-a653-85b3def7c1aa
"Dive In, Inc.",,Georgia,4.2,40,1,+1404-254-1616,,diveininc.com,http://www.diveininc.com/,https://www.google.com/maps?cid=17442933186305481044,ad8ce039-2766-4db2-87a4-8a8aef690f5d
"Dogwood Landscaping, Pools & Patios",Dallas,Georgia,4.4,67,1,+1678-368-7000,,dogwoodlandscaping.net,https://dogwoodlandscaping.net/,https://www.google.com/maps?cid=5357659060078622285,9642a65f-0099-4be5-a639-8a69b3541fff
Georgia Classic Pool,Milton,Georgia,4.6,103,1,(770) 521-0708,,georgiaclassicpool.com,https://georgiaclassicpool.com/?utm_campaign=gmb,https://www.google.com/maps?cid=17641259104778172952,03898474-c5e1-4b2a-a544-636e0430a7eb
Georgia Luxury Pools,,Georgia,5,45,1,+1404-649-2358,,galuxurypools.com,http://www.galuxurypools.com/,https://www.google.com/maps?cid=11457642274752790901,6243c6e3-e2b6-4998-ae2a-ba12d1b1a120
Georgia Outdoor Design,Marietta,Georgia,5,78,1,+1678-745-9650,,georgiaoutdoordesign.com,http://www.georgiaoutdoordesign.com/,https://www.google.com/maps?cid=2733185434058668696,280f0beb-ae4a-4565-8f28-de33ee2c26be
Georgia Pools,Dublin,Georgia,4.4,56,1,+1478-275-3607,,ga-pools.com,http://ga-pools.com/,https://www.google.com/maps?cid=2629366323495677630,f4d39cb6-4f0c-41f9-bb07-4dc93bb969cb
Green Acres Pools & Spas,Taylorsville,Georgia,3.1,52,1,+1770-382-0111,,greenacrespools.com,http://greenacrespools.com/,https://www.google.com/maps?cid=3816592998555197902,09aee95a-5b83-4bcf-ab4a-425ad4dfc413
Hampton Pools Construction,McDonough,Georgia,4.3,44,1,+1678-643-3498,,hamptonpools.com,http://www.hamptonpools.com/,https://www.google.com/maps?cid=764934413836531235,902a6d90-57e6-45e9-b163-003570f75ef2
Hefner Pools,Evans,Georgia,4.1,40,1,+1706-855-9900,,hefnerpools.com,http://hefnerpools.com/,https://www.google.com/maps?cid=14430259074081750093,61e5c37e-8dab-4bab-9fb8-6c83baa6b006
"Hilltop Pools And Spas, Inc.",Jonesboro,Georgia,4.3,50,1,+1770-471-3889,,hilltoppools.com,https://www.hilltoppools.com/,https://www.google.com/maps?cid=622214591632203765,ff47a3ff-ecb2-4b0f-bebf-1f6078b6e89c
Horizon Pools,Dahlonega,Georgia,4.9,81,1,+1706-429-7130,,jackhorizonpools.com,http://jackhorizonpools.com/,https://www.google.com/maps?cid=413868919596782948,c83555ce-1c0a-47cd-9c31-f60bd0908440
Imagine Pools and Landscaping LLC,,Georgia,4.9,41,1,+1770-315-7829,,imaginepools.design,https://www.imaginepools.design/,https://www.google.com/maps?cid=15089662048598619789,97309582-5cf8-4483-b061-093ff6313644
Innovative Pool and Spa,Peachtree City,Georgia,4.6,47,1,,,innovativepoolandspa.com,http://www.innovativepoolandspa.com/,https://www.google.com/maps?cid=8620140634120730350,9c6fff3a-d13c-4a58-a9b7-2fd926c38a9d
"Johnny's Pool Company, Inc.",McDonough,Georgia,4.4,46,1,+1770-954-4303,,johnnyspoolcompany.com,http://www.johnnyspoolcompany.com/,https://www.google.com/maps?cid=6973359720541803399,c2be35d1-c318-4d2e-93f6-76cc9c832e83
Lake Country Pools,Eatonton,Georgia,4.9,66,1,+1706-817-7245,,lakecountrypoolsga.com,https://lakecountrypoolsga.com/,https://www.google.com/maps?cid=14897695888139369601,6e62e494-b6f2-4fb3-a210-3a218a7db975
Luau Pools Inc,Dalton,Georgia,3.3,70,1,+1706-278-0520,,luaupoolsinc.com,https://www.luaupoolsinc.com/,https://www.google.com/maps?cid=12781288763809828968,ae30ebfc-9aac-4280-9a3d-6dc3b02a1505
Metro Pools & Patios,Monroe,Georgia,4.8,55,1,+1404-444-8950,,metropoolsandpatios.com,https://metropoolsandpatios.com/,https://www.google.com/maps?cid=17158746231221767272,ac90096f-0665-4490-b5ee-b83d87ef0147
"Mystic Pools, LLC",,Georgia,5,65,1,+1229-506-0906,,mysticpoolsusa.com,https://mysticpoolsusa.com/?utm_source=google_business_profile&utm_medium=organic&utm_campaign=gbp_profile,https://www.google.com/maps?cid=10023208928123451350,45051fd0-3c03-4ede-8c76-83db8bfbe8a4
Neptune Pools,Sugar Hill,Georgia,4,40,1,+1770-831-5415,,neptunepools.com,http://neptunepools.com/,https://www.google.com/maps?cid=1364575493055957945,7247a71a-9215-4cb3-90ed-c08a9851b2c7
Northeast Georgia Pools & Spas,Lavonia,Georgia,5,48,1,+1706-356-2516,,negapoolsandspas.com,http://negapoolsandspas.com/,https://www.google.com/maps?cid=6123373081818702169,8b5c1edf-88d7-4131-a938-68177e55ae4f
Nueva Vista Pools,Marietta,Georgia,4.8,73,1,+1404-663-0308,,nuevavistapools.com,https://nuevavistapools.com/,https://www.google.com/maps?cid=1383921124345311310,8d08daf3-7d6a-415a-b810-70f146dd7c1f
Ocean Blue Pools LLC,Sandy Springs,Georgia,4.8,97,1,(470) 741-4601,,oceanbluepoolsllc.com,https://oceanbluepoolsllc.com/,https://www.google.com/maps?cid=788636502989428274,a09e74db-6d4e-4873-99f5-b56fdb286bc1
Opulent Pools,Forest Park,Georgia,4.1,75,1,(404) 462-0777,,opulentpools.com,http://www.opulentpools.com/,https://www.google.com/maps?cid=9366146384097629239,c2936802-fc3e-427c-a31e-2775a427e25c
POOL PLUS POOL,,Georgia,4.5,40,1,+1770-309-9395,,poolpluspool.com,https://poolpluspool.com/,https://www.google.com/maps?cid=2491263636555920973,9a8e6609-73f8-480d-a78a-a7c5bfc10dec
PalmSet Pools,Woodstock,Georgia,5,49,1,(678) 403-2737,,palmsetpools.com,https://palmsetpools.com/,https://www.google.com/maps?cid=1583022554493787978,44af1ba4-dd67-4936-bd6d-f374740d173f
Peach State Pool Service & Builders,Roswell,Georgia,4.8,132,1,+1770-998-0062,,peachstatepool.com,https://www.peachstatepool.com/,https://www.google.com/maps?cid=2714820077698132281,9014d69c-398e-4687-8577-942fdc2b8965
RCS Pool and Spa,Roswell,Georgia,4.9,74,1,+1770-758-7860,,rcspoolspa.com,https://rcspoolspa.com/?utm_source=Google+Business+Profile&utm_campaign=Pool+Builder&utm_id=RCS+Pool+Spa,https://www.google.com/maps?cid=1934692802012818473,7c69212c-71d7-421a-ba6f-74e5154eac58
Rowell Pools & Spas,Waynesboro,Georgia,5,91,1,+1706-237-9490,,rowellpoolsandspas.com,https://www.rowellpoolsandspas.com/,https://www.google.com/maps?cid=12288171311639522397,f9e97d52-4710-4543-966a-b51490e8687d
"Sandals Luxury Pools,Inc.",Jefferson,Georgia,4.8,55,1,+1770-771-1839,,sandalspools.com,http://sandalspools.com/?utm_source=google&utm_medium=organic&utm_campaign=gbp,https://www.google.com/maps?cid=7876731397134499424,74af64bc-f46d-4bd2-922f-4b6ef06ecea1
Sun Drenched Pools,,Georgia,5,46,1,+1844-775-2746,,sundrenchedpools.com,http://sundrenchedpools.com/,https://www.google.com/maps?cid=13321401785482140225,1f4fb9ca-3970-454b-9183-5bbea121c0e6
Sun Fun Pools,Alpharetta,Georgia,4.9,77,1,(678) 564-6367,,sunfunpools.us,https://sunfunpools.us/,https://www.google.com/maps?cid=8404129514448895105,ff67bbaf-87c5-4582-878d-153ef719cfea
United Poolscapes,Cumming,Georgia,4.9,61,1,(470) 720-8878,,unitedpoolscapes.com,https://www.unitedpoolscapes.com/,https://www.google.com/maps?cid=902065971615401035,fc843996-45fd-4b57-9b27-8ac1d463df4f
Watson’s Pools and Patios,Nashville,Georgia,4.7,145,1,+1229-686-2033,,watsonspoolsofga.com,http://watsonspoolsofga.com/,https://www.google.com/maps?cid=13508747682128215120,14421202-3978-48c6-86b0-9d2006170b69
"White's Pools, Inc.",Loganville,Georgia,4.4,80,1,+1770-466-2376,,whitespools.com,http://www.whitespools.com/,https://www.google.com/maps?cid=7932554082988695533,cb550de6-77a8-4612-ab4c-9fae2d37f713
Secoma Pools- Boise Pool Construction & Maintenance,Eagle,Idaho,5,91,1,+1208-960-4652,,secomapoolsidaho.com,http://secomapoolsidaho.com/,https://www.google.com/maps?cid=13696748426537836878,63a695db-b929-4020-b594-605066dab4cc
Backyard Dreams,Alton,Illinois,4.4,78,1,+1618-467-6447,,backyarddreamspools.com,http://www.backyarddreamspools.com/,https://www.google.com/maps?cid=2920645826822224726,60ec61fa-77b1-46f8-a62b-ed7bd4020fbb
Barrington Pools Inc.,South Barrington,Illinois,4,98,1,+1847-381-1245,,barrington-pools.com,https://www.barrington-pools.com/,https://www.google.com/maps?cid=6851782517106294271,355ac59d-e0ad-4693-9b8e-1e208a4d4168
DesRochers Backyard Pools & Spas,Wilmington,Illinois,4.7,111,1,+1815-476-2975,,backyardpoolsinc.com,http://backyardpoolsinc.com/,https://www.google.com/maps?cid=14953555125875366939,2509e84e-64d4-45c5-a5d3-31058fd8df68
Expert Pool Builders,,Illinois,4.5,48,1,+1312-515-4172,,expertpoolbuilders.com,http://www.expertpoolbuilders.com/,https://www.google.com/maps?cid=3159931757831236331,deaebc94-b4bc-493a-a8b3-1215b24953f5
Happy Pools And Spa,,Illinois,3.2,47,1,+1708-699-9101,,happypoolsandspa.com,https://happypoolsandspa.com/,https://www.google.com/maps?cid=145747182580431854,1062d139-390f-4103-b0dd-050c35e11837
Olympic Pools,Marion,Illinois,4.6,67,1,+1618-997-6360,,olympicpoolssi.com,http://www.olympicpoolssi.com/,https://www.google.com/maps?cid=11093097829638677806,7f3ea029-6692-47ac-a1fe-8ce1aae997a2
Platinum Pool,Wheeling,Illinois,4.4,61,1,+1847-537-2525,,platinumpool.com,http://www.platinumpool.com/,https://www.google.com/maps?cid=1692655466163099936,b7cab1d4-e8eb-44f7-ae00-6362664dbb7b
"Reliable Pools, Inc",Bloomington,Illinois,4.7,52,1,+1309-532-1687,,reliablepoolsblono.com,https://reliablepoolsblono.com/,https://www.google.com/maps?cid=17656035271229404727,0405dad1-ba38-4f02-a494-c932f8dccdd9
Rockford Pool & Spa,Loves Park,Illinois,4.6,134,1,+1815-282-0789,,rockfordpools.com,https://www.rockfordpools.com/,https://www.google.com/maps?cid=2668140590358208539,917e4166-9c99-402e-904a-ddbbf2a35bd4
Rosebrook Swimming Pools,Libertyville,Illinois,4.6,53,1,+1847-362-0400,,rosebrookpools.com,http://www.rosebrookpools.com/,https://www.google.com/maps?cid=646222178719193169,97a35564-9b0c-4a27-86e1-a90c3aff1cee
Southern Ledge Pools and Patios,Taylorville,Illinois,4.1,45,1,+1217-827-7665,,southernledgepoolsandpatios.com,http://www.southernledgepoolsandpatios.com/,https://www.google.com/maps?cid=7285409689450785727,a1c3bcac-15ac-4690-a599-1d288e0c26d3
Statements In Stone Pool and Patio,New Lenox,Illinois,4.8,58,1,+1708-534-8780,,statementsinstone.net,http://www.statementsinstone.net/,https://www.google.com/maps?cid=9724448647828622354,b41920a2-ec9e-44f3-a6fb-45e8a0078091
AquaVida Pools,Evansville,Indiana,4.5,130,1,+1812-867-2541,,aquavidapools.net,http://aquavidapools.net/,https://www.google.com/maps?cid=8020187592425862910,abbe306b-e54c-4c75-8061-ac3dfacee559
Brummett Pools,Clarksville,Indiana,4.2,65,1,+1812-288-6321,,brummettpools.com,http://www.brummettpools.com/,https://www.google.com/maps?cid=9958181295821240607,e4b55b73-01e4-4fab-a22d-717017e43213
Dave's Pools,Greenfield,Indiana,4.2,146,1,+1317-462-3052,,davespools.com,http://www.davespools.com/,https://www.google.com/maps?cid=16084128449872512875,8195e51b-911e-4d44-ae6f-1cb022f87fb4
Fox Pools of Evansville Inc.,Evansville,Indiana,4.3,98,1,+1812-393-3165,,foxpools.com,https://www.foxpools.com/,https://www.google.com/maps?cid=2671884642466561141,73841bea-bb26-4793-b69d-c10b0f936eed
Green Team Landscaping & Pools,Warsaw,Indiana,4.3,60,1,+1574-267-7400,,greenteamturf.com,http://greenteamturf.com/,https://www.google.com/maps?cid=10241927457318314596,81674cd4-855d-4955-a5f9-1289df1e00c4
Hublar Pools & Outdoor Living,,Indiana,4.9,54,1,+1502-741-5601,,hublarpoolsandspas.com,https://hublarpoolsandspas.com/,https://www.google.com/maps?cid=2397200935561909139,02509fcc-1270-41b5-a1be-e5f64bb42c60
Kelley Custom Pools,Evansville,Indiana,4.3,66,1,+1812-477-7665,,kelleypools.com,https://www.kelleypools.com/,https://www.google.com/maps?cid=16856046679519273304,5b9ff8ce-b65b-419e-9277-199f5baf2d01
Playtime Pools LLC,Terre Haute,Indiana,4.8,81,1,+1812-870-9881,,playtimepools.com,http://playtimepools.com/,https://www.google.com/maps?cid=8955777119769664698,68c1ab8c-57db-4d0c-9bc8-7669d8bcb983
Pool City Inc,Greenwood,Indiana,4.5,88,1,+1463-221-4859,,poolcityindy.com,http://www.poolcityindy.com/,https://www.google.com/maps?cid=10038253872957202753,e9068741-a4a2-4254-8fe2-9416416fea3c
Pools Today,Floyds Knobs,Indiana,4.9,60,1,+1812-577-9895,,pools-today.com,http://www.pools-today.com/?utm_campaign=gmb,https://www.google.com/maps?cid=5227689059609671270,b4fa5f92-e037-4f4b-9f19-18042a718a8b
Pools by Cory,Indianapolis,Indiana,4.8,106,1,+1317-800-5093,,poolsbycory.com,https://poolsbycory.com/,https://www.google.com/maps?cid=16929479065850230176,fb2d0811-6346-4cfd-98a7-92c1f6c584d2
Recreational Installations,Kokomo,Indiana,3.8,48,1,+1765-868-7010,,recreationalinstallations.com,http://www.recreationalinstallations.com/,https://www.google.com/maps?cid=8071159978139732035,086fac6d-e694-4b4e-b3de-246e057d464a
Rodich Pools & Construction,,Indiana,4.9,51,1,+1812-550-7385,,rodichpools.com,http://www.rodichpools.com/,https://www.google.com/maps?cid=4109221260671103155,354409fc-1efe-4152-9aad-64d84596f4b9
Royal Pools G2 Landscaping,Dyer,Indiana,4.7,132,1,+1219-322-2797,,royalpoolsandmore.com,https://royalpoolsandmore.com/,https://www.google.com/maps?cid=776025817811879684,6fceaf95-b367-4ed4-b20d-78b4cbc4e5e6
Wetscapes Fiberglass Pools,New Albany,Indiana,5,86,1,+1502-236-5836,,wetscapesfiberglasspools.com,https://wetscapesfiberglasspools.com/,https://www.google.com/maps?cid=5788423534215871017,59b557c3-380e-4021-83e8-3693de7d2f9f
Wright's Pools,Terre Haute,Indiana,2.9,55,1,+1812-249-4037,,wrightspoolservice.net,http://wrightspoolservice.net/,https://www.google.com/maps?cid=9794515938912094387,a2cbeae2-1314-4ff2-8f92-4f8cdde2cd5e
Gill Hardscapes & Construction LLC,Denison,Iowa,5,50,1,+1712-898-1235,,gillhardscapes.com,https://www.gillhardscapes.com/,https://www.google.com/maps?cid=3408214721024344167,53e790b4-b94b-40c5-8b2b-5233ca5dd009
Banks Blue Valley Pool and Spa,Overland Park,Kansas,4.2,69,1,+1913-897-9290,,bluevalleyaquatech.com,http://www.bluevalleyaquatech.com/,https://www.google.com/maps?cid=13846178166554199975,4e485cc8-4196-4223-9b06-523bfb207124
KC Pools,Olathe,Kansas,4.3,48,1,+1913-782-7777,,kcpools.com,http://www.kcpools.com/,https://www.google.com/maps?cid=8369298011612217781,e9131894-20d8-4395-b748-00829e64b16f
Oasis Pools & Spas,Lansing,Kansas,4,67,1,+1913-727-7722,,oasispools.com,http://www.oasispools.com/,https://www.google.com/maps?cid=847184832302020334,adcf2ed1-1d49-42b7-ad45-230b4e2ae694
ACR Gunite Pools & Spas,Lexington,Kentucky,5,40,1,+1513-683-7719,,acrgunitepools.com,https://acrgunitepools.com/,https://www.google.com/maps?cid=12960585678465383588,92546bfa-0e19-4423-b7cc-2bc16c1d680e
American Pool & Spa,Richmond,Kentucky,4.4,79,1,+1859-623-0124,,americanpoolandspaky.com,https://www.americanpoolandspaky.com/,https://www.google.com/maps?cid=7268712018269346386,c9b54957-06dd-4701-9494-d58d2c505043
"Backyard Fun Pools, Inc.",Nicholasville,Kentucky,4.5,86,1,+1859-881-0188,,backyardfunpoolsky.co,http://backyardfunpoolsky.co/,https://www.google.com/maps?cid=4301805558005445234,3225c937-c3aa-4e8c-84e3-aee85ac859d0
Klimat Master Pools,Highland Heights,Kentucky,4.4,54,1,+1859-572-0111,,klimatmasterpools.com,http://www.klimatmasterpools.com/,https://www.google.com/maps?cid=9044367630818049551,c1f085ed-139f-4c46-9df9-ee95146a0eed
Lucas Pools LLC,Dry Ridge,Kentucky,4.1,56,1,(859) 824-3111,,lucaspoolsllc.com,http://www.lucaspoolsllc.com/,https://www.google.com/maps?cid=14518147791177427840,baf62b78-4999-4c19-88d6-c6a390c535d8
Oasis Pools Plus,Crestwood,Kentucky,4.4,44,1,+1502-905-8377,,oasispoolsplusky.com,http://oasispoolsplusky.com/,https://www.google.com/maps?cid=11795251162787807522,ec57f85b-2e7f-4ddc-9c24-2ce3e7ab1c27
Paramount Pools Kentucky,Richmond,Kentucky,5,41,1,+1859-494-0759,,paramountpoolsky.com,https://paramountpoolsky.com/,https://www.google.com/maps?cid=12805844701271675174,98e8a58f-1525-4fb9-8ff2-395af22b2e95
Pools and Beyond,Shepherdsville,Kentucky,4.8,58,1,+1502-277-1020,,poolandbeyond.com,https://www.poolandbeyond.com/,https://www.google.com/maps?cid=16368028064827644486,4de246d6-ee01-4283-83c0-48e54e3a06ac
Queen City Pool Pros,,Kentucky,4.6,54,1,+1513-818-6204,,queencitypoolpros.com,https://queencitypoolpros.com/,https://www.google.com/maps?cid=647634217327706121,825c4fae-a473-443c-8ec7-1caf05ab40a7
Shehan Pools | Custom Pool Builder,Florence,Kentucky,4.3,100,1,+1859-371-9193,,shehanpools.com,http://www.shehanpools.com/,https://www.google.com/maps?cid=9309948443438506757,bc912f99-63aa-46c7-a797-0e2583298663
Sunset Fiberglass Pools,Buckner,Kentucky,4.5,43,1,+1502-689-2302,,sunsetfiberglasspools.com,https://sunsetfiberglasspools.com/,https://www.google.com/maps?cid=6894003508833226719,476f12f1-f6a3-44a8-8b03-6ec3ca532716
Venture Pools,Owensboro,Kentucky,4.3,58,1,+1270-926-8658,,venturepools.pro,http://venturepools.pro/,https://www.google.com/maps?cid=2233468060482497160,c4d110d2-b038-4a98-94bc-03deed2b58e8
All Seasons Pools and Spas,Lafayette,Louisiana,4.7,92,1,+1337-983-0025,,allseasonspools.net,https://www.allseasonspools.net/,https://www.google.com/maps?cid=5620153243476737831,fae55a3c-df49-448b-bfd3-3b241bc98d80
Bella Aqua Pools and Spas,New Orleans,Louisiana,4.4,43,1,+1504-377-6224,,bellaaquapoolsandspas.com,https://www.bellaaquapoolsandspas.com/,https://www.google.com/maps?cid=16757850224108958387,af37a666-7314-4c72-a102-e57b6bec30fc
Elston Construction Company,Bossier City,Louisiana,5,45,1,+1318-758-0923,,elstonconstruction.com,https://www.elstonconstruction.com/,https://www.google.com/maps?cid=9362231813357327766,d093105e-a21f-41cd-b2fc-a4c7212d4a6f
Ewing Aquatech Pools Inc,Baton Rouge,Louisiana,4.7,57,1,+1225-751-7946,,ewingaquatech.com,http://www.ewingaquatech.com/,https://www.google.com/maps?cid=3468223151137900085,115b1e5d-5a72-4b97-9382-abb8cc87895e
Kingfish Pools,Metairie,Louisiana,4.2,73,1,+1504-250-2099,,kingfishpool.com,http://kingfishpool.com/,https://www.google.com/maps?cid=15824260141367201335,5a4a2414-c9c1-4a27-b4d9-70a643ce3739
LA Pools and Spas,Kenner,Louisiana,4.3,52,1,+1504-224-0178,,lapoolsandspasinc.com,https://www.lapoolsandspasinc.com/,https://www.google.com/maps?cid=12738362547692270536,88761f20-2e52-4ef8-80d0-2367faf0ae1c
Miller Outdoors,Metairie,Louisiana,5,84,1,+1504-230-6479,,milleroutdoorsnola.com,https://www.milleroutdoorsnola.com/?utm_campaign=gmb,https://www.google.com/maps?cid=4689947635480322697,04f67f05-3a66-45b6-b075-aa512c3e21ae
North Shore Pool,Madisonville,Louisiana,4.9,66,1,+1985-237-0112,,northshore-pool.com,http://www.northshore-pool.com/,https://www.google.com/maps?cid=13394094762295327141,eab1489c-5d9f-4c23-87b5-65f73a631c7d
"Oasis Pools & Spas, LLC",Mandeville,Louisiana,4.9,57,1,+1504-475-7665,,oasispoolsandspas.com,http://www.oasispoolsandspas.com/,https://www.google.com/maps?cid=3998934265838223738,868d7497-db6a-4ced-9d35-60a6824d8eeb
Paradise Pools,Denham Springs,Louisiana,4.5,69,1,+1225-664-3865,,paradisepoolswatson.com,http://www.paradisepoolswatson.com/,https://www.google.com/maps?cid=13042438530642187819,60fe79dc-be74-452a-80bf-cc742751aeef
Pleasure Pools,Mandeville,Louisiana,4.6,66,1,+1985-626-1283,,pleasurepoolsno.com,http://www.pleasurepoolsno.com/,https://www.google.com/maps?cid=14530813572123932114,473a6d59-eb6c-46d3-b4bc-db1eb9231b2d
Pro Pools LLC,Lake Charles,Louisiana,4.7,57,1,+1337-477-7626,,1finepool.com,http://1finepool.com/,https://www.google.com/maps?cid=14784890185548926707,ada11b3a-2ddf-419a-b613-e062c46ffe3c
Relief Pool Builders of Baton Rouge,Baton Rouge,Louisiana,4.9,43,1,+1225-364-0146,,reliefpools.com,https://reliefpools.com/pool-builders/baton-rouge/,https://www.google.com/maps?cid=16990377501198228857,9610a0ff-1bcd-4e62-a01f-da9272adae88
Sunshine Pool Company,Pembroke,MA,4.3,52,1,+1781-293-7075,,sunshinepoolcompany.com,http://www.sunshinepoolcompany.com/,https://www.google.com/maps?cid=12002186889414177892,1cdece31-9082-4971-84c1-de06d0300120
Elite Pools - Inground Pool Builder,Rosedale,MD,4.9,89,1,+1410-498-7515,,elitepools.com,https://elitepools.com/?utm_campaign=gmb,https://www.google.com/maps?cid=14898154854365360718,6552189f-0cb3-4805-9082-0edda01fb54b
Admiral Pools LLC,Abingdon,Maryland,3.9,91,1,+1667-364-8868,,admiralenterprises.com,http://admiralenterprises.com/,https://www.google.com/maps?cid=1562949967371741041,3575d5ec-e95d-476f-8bd8-076580655f01
BMA Fiberglass Pools And Patios,Pasadena,Maryland,4.9,138,1,+1443-620-4117,,bmalandscaping.com,https://www.bmalandscaping.com/,https://www.google.com/maps?cid=17816926070683264444,435aa158-4a64-42dc-8281-647475deddc5
Coastal Pools - Grasonville,Grasonville,Maryland,4.9,76,1,+1667-230-5895,,coastalpoolbuilders.net,https://www.coastalpoolbuilders.net/,https://www.google.com/maps?cid=2930929298496813158,b787875f-4fab-4615-9274-a19f579ba715
Cozy Backyard Pools & Patios,Mt Airy,Maryland,4.1,58,1,+1301-829-4008,,cozypools.com,http://www.cozypools.com/,https://www.google.com/maps?cid=15529221018584260184,68a58638-a001-46d3-99b4-58bf3bc161f6
Dreamscape Pools,Glen Burnie,Maryland,4.8,45,1,+1410-684-5584,,dreamscapeconstruction.net,http://dreamscapeconstruction.net/,https://www.google.com/maps?cid=10726334780002668543,5aa2775f-d4a3-4250-b687-a638c930f15f
Floyd Contracting,White Hall,Maryland,4.5,109,1,(877) 794-7665,,floydcontracting.com,https://floydcontracting.com/,https://www.google.com/maps?cid=16250722547165807915,ff25e438-f553-4519-bb93-b4c3832909cb
Kustomscapes & Pools,Easton,Maryland,4.5,91,1,+1443-786-1464,,kustomscapesandpools.com,https://www.kustomscapesandpools.com/?utm_source=google&utm_medium=gbp,https://www.google.com/maps?cid=15557289387482179752,5a372a63-7181-45de-8eda-b8325ae87b57
Lothorian LLC,Phoenix,Maryland,4.2,51,1,+1410-667-7665,,lothorianpools.com,https://www.lothorianpools.com/?utm_source=google&utm_medium=gmb&utm_campaign=gmb,https://www.google.com/maps?cid=2263862119846243588,e630a2eb-f2fc-45f7-842b-b4cc261ebddd
"Mazariegos Brothers General Construction, Inc.",Upper Marlboro,Maryland,4.4,49,1,+1301-579-2923,,mazariegosbrothers.com,http://www.mazariegosbrothers.com/,https://www.google.com/maps?cid=4937733886472944288,df732a68-0c73-4064-b992-1ce829016c1f
Oasis Pools & Patios,Annapolis,Maryland,4.6,79,1,+1443-926-1442,,oasislandscapegroup.com,https://www.oasislandscapegroup.com/?utm_source=Google&utm_medium=Organic&utm_term=%7B%7Bad.name%7D%7D&utm_content=Listing&utm_campaign=GMB1,https://www.google.com/maps?cid=4564505590270537272,843c3836-3b7d-485e-831a-e27e8ee3610a
Oasis Pools of MD,,Maryland,4.8,103,1,+1443-987-7719,,oasispoolsofmd.com,https://www.oasispoolsofmd.com/,https://www.google.com/maps?cid=13576306937467803089,618233e4-8229-4a52-8ccc-be3d0af8a2ab
"Paradise Pools, Inc.",Jessup,Maryland,4.2,45,1,+1301-725-0005,,paradisepoolsmd.com,http://www.paradisepoolsmd.com/,https://www.google.com/maps?cid=12180784483193890069,1964c203-9d3e-493d-a5c9-f579c6358fc5
Splash Fiberglass Pool Company,Severna Park,Maryland,4.8,55,1,+1410-709-8965,,splashfiberglasspoolcompany.com,https://splashfiberglasspoolcompany.com/?utm_source=GoogleBusinessProfile&utm_medium=organic&utm_campaign=gbp-website,https://www.google.com/maps?cid=7219381391082193839,aa173dde-fde2-4e8c-a472-ab7e10918bb9
Splash Pools LLC,,Maryland,5,135,1,+1410-849-9148,,splashpoolsservice.com,http://www.splashpoolsservice.com/,https://www.google.com/maps?cid=7716690306455507838,40502258-d2b3-4c3a-83ae-ffb59c545127
Stevenson Pools,Owings,Maryland,3.8,81,1,+1301-855-6512,,stevensonpools.com,https://www.stevensonpools.com/,https://www.google.com/maps?cid=1829050212209671058,229b0d3f-bdf4-4adc-bc49-90e31b2f345e
Sunrise Premiere Pool Builders,Arnold,Maryland,4.2,68,1,+1410-349-3852,,sunrisepremierpoolbuilders.com,http://www.sunrisepremierpoolbuilders.com/,https://www.google.com/maps?cid=9861458209484811567,922b44aa-5de3-4f07-9905-51407546726f
Woodfield Outdoors,Fallston,Maryland,4.6,94,1,+1443-299-6500,,woodfieldoutdoors.com,https://woodfieldoutdoors.com/,https://www.google.com/maps?cid=7860034910047138076,b2f3bdf3-7179-43fa-8fa7-2a890f71ef32
Above Ground Pool Builder,Norton,Massachusetts,4,51,1,+1781-927-9110,,abovegroundpoolbuilder.com,http://www.abovegroundpoolbuilder.com/,https://www.google.com/maps?cid=5882284356480871546,04c4432e-1ad6-42da-853a-6d10d411d68a
"Beyond Pools, Inc",Westfield,Massachusetts,4.9,65,1,+1413-512-1284,,beyondpoolsinc.com,http://beyondpoolsinc.com/,https://www.google.com/maps?cid=9156555496464226598,636dc075-a6cb-4513-971d-ccabde53ce1e
Blue Pool Inc,Medway,Massachusetts,4.9,95,1,+1508-381-1480,,bluepoolinc.com,http://www.bluepoolinc.com/,https://www.google.com/maps?cid=12417096877365999597,f0c5eb4e-d32b-4195-a487-1bd51998f817
Cherry Hill Pool & Spa,Pembroke,Massachusetts,4.7,93,1,+1781-318-4960,,cherryhillpools.com,https://cherryhillpools.com/,https://www.google.com/maps?cid=13414625190035300942,ff45871e-b84d-4c5d-aa0e-94cc6ff7f838
"Environmental Pools, Inc.",Bolton,Massachusetts,3.8,46,1,+1978-256-0200,,environmentalpools.com,https://environmentalpools.com/,https://www.google.com/maps?cid=13821149538455468518,b046ff5d-fb6d-4234-8bb9-9d789ca37441
Ferrari Pools: Custom Outdoor Living,Shrewsbury,Massachusetts,3.9,98,1,+1508-691-9294,,ferraripools.com,http://www.ferraripools.com/,https://www.google.com/maps?cid=15657009146648797952,65130c7a-0168-4ff1-a471-296bc46a6704
Gibraltar Pools Corporation.,Topsfield,Massachusetts,3.7,148,1,+1978-759-4445,,usaswim.com,https://www.usaswim.com/,https://www.google.com/maps?cid=7738870964217357760,6ef6b271-b638-4d05-b807-744dc22ce7c3
Greggerson Construction Inc,Seekonk,Massachusetts,4.5,64,1,+1401-516-3713,,greggersonconstruction.com,http://greggersonconstruction.com/,https://www.google.com/maps?cid=1665172424518399812,d00d0754-c1e2-4cee-bf2d-bcb10f62ffc7
Littleton Pools,Littleton,Massachusetts,4.9,106,1,+1978-486-8277,,littletonpools.com,https://littletonpools.com/,https://www.google.com/maps?cid=2704539178327320846,6d4eeda9-e3dd-429c-9c8a-f29cbf703ff0
MCM Pools Inc.,Norton,Massachusetts,4.2,42,1,+1855-626-7665,,mcmpools.com,http://mcmpools.com/,https://www.google.com/maps?cid=11299970911879468595,35a6be4a-2682-4ca9-aa1f-d4b9f48cce12
Mc Carthy Pools,Southborough,Massachusetts,3.6,48,1,+1508-485-1307,,mccarthypools.com,http://www.mccarthypools.com/,https://www.google.com/maps?cid=18043966309615615502,e0eeec22-45ed-4c4e-97fd-b5ef1ad1ff23
Millers Pools,East Falmouth,Massachusetts,4.9,41,1,(508) 693-5428,,millers-pools.com,https://millers-pools.com/,https://www.google.com/maps?cid=7343235671731027352,ea4120ce-e1cd-431d-8bf0-d4867f3b2a62
Pioneer Valley Fiberglass Pools (Leisure Pools Authorized Dealer),Westfield,Massachusetts,4.8,110,1,+1413-221-8358,,pvfpools.com,https://pvfpools.com/,https://www.google.com/maps?cid=10155349200918977555,45862b4b-cfeb-4c8e-ac7b-1b6d807f5d66
Pool Pros Inc,East Bridgewater,Massachusetts,3.7,45,1,+1508-958-0643,,poolprosincma.com,http://poolprosincma.com/,https://www.google.com/maps?cid=6595591302499242656,49c554aa-db2d-4ab7-b9c7-d36d94a4ff0f
Pools by Us Plus Inc,Wakefield,Massachusetts,4.9,55,1,+1781-245-7117,,poolsbyusplus.com,https://poolsbyusplus.com/,https://www.google.com/maps?cid=7744757588441875156,f36acc72-739a-411c-bca3-0a1b424ab91a
"Shoreline Pools, Inc.",South Dennis,Massachusetts,4.5,55,1,+1508-432-3445,,shorelinepoolsinc.com,https://www.shorelinepoolsinc.com/?utm_source=google&utm_medium=organic&utm_campaign=gbp-listing,https://www.google.com/maps?cid=5001503687200721028,8a32d8ff-2cd7-4bb6-9a1e-98dfc83dc063
Surfside Pool Company,West Boylston,Massachusetts,3.6,52,2,+1508-835-4886,,surfsidepoolcompany.com,http://surfsidepoolcompany.com/,https://www.google.com/maps?cid=16362037611862636907,d3284c1f-ac20-4d20-95e1-a92690db4424
Swimming Pool & Spa Design,Hyannis,Massachusetts,3.3,76,1,+1508-775-2433,,swimmingpoolandspadesign.com,http://swimmingpoolandspadesign.com/,https://www.google.com/maps?cid=8721903753469348691,f22ad351-7394-4c69-be11-f0d5279fc9c7
3 R Pools Inc,South Lyon,Michigan,4.5,49,1,+1248-437-8400,,3rpools.com,http://www.3rpools.com/,https://www.google.com/maps?cid=17884931400970818986,db1bea4a-f180-4f3a-add4-57d4d72bf9b8
A PERFECT POOL,Burton,Michigan,4.4,121,1,+1810-853-8417,,aperfectpool.net,https://www.aperfectpool.net/,https://www.google.com/maps?cid=5359652884156142154,ac3b0f93-5ec6-48ff-b989-3a5d3657457c
API,Fenton,Michigan,4.9,64,1,+1810-714-7665,,custompools-api.com,http://www.custompools-api.com/,https://www.google.com/maps?cid=15181421062097250338,990b3baa-e68f-49aa-81f9-d5d12d6877ef
Acme Pool Specialist,Monroe,Michigan,4.5,81,1,+1734-625-9487,,acmepool.net,https://acmepool.net/,https://www.google.com/maps?cid=7496906354226711021,24e8c5ca-b146-4f12-96d7-edd6a2c73cda
Artistic Pools & Concrete,Fenton,Michigan,3.2,41,1,+1810-750-3483,,artisticingroundswimmingpools.com,http://www.artisticingroundswimmingpools.com/,https://www.google.com/maps?cid=2338366895871381300,9c7fa697-5f7a-43cd-a2c0-6fac2a26156d
"Blue Water Pools Of Grand Rapids, Inc,",Grand Rapids,Michigan,4.4,44,1,+1616-735-5514,,bluewaterpoolsgr.com,http://bluewaterpoolsgr.com/,https://www.google.com/maps?cid=3095768084245068793,992f9425-690b-4325-a106-a36d9bc304eb
Clearwater Pools & Spas,Ann Arbor,Michigan,3.5,72,1,+1734-669-8990,,clearwaterpoola2.com,http://clearwaterpoola2.com/,https://www.google.com/maps?cid=16468810753436036314,727524a2-d6c3-4413-aed7-0f0c18aeeb8b
Complete Pools and Construction,Niles,Michigan,3.3,48,1,+1269-557-0157,,completepoolsandconstruction.com,http://completepoolsandconstruction.com/,https://www.google.com/maps?cid=7308651279234668675,476cfb8f-f415-40ed-b6ee-f0ad78aff68b
Custom Inground Pools LLC,,Michigan,4.9,48,1,+1586-749-6234,,customingroundpools.com,http://customingroundpools.com/,https://www.google.com/maps?cid=3866933410733836145,6e94dc89-8a71-4c38-b9fb-e3258b1e5a15
Huntington Woods Pools & Spas,Royal Oak,Michigan,4.4,65,1,+1248-549-5800,,huntingtonwoodspools.com,https://www.huntingtonwoodspools.com/,https://www.google.com/maps?cid=598808174278439697,89d1b647-d36f-4836-9757-f14b21abd177
Infinity Pools of Michigan,Novi,Michigan,5,106,1,+1248-238-3811,,infinitypoolsofmi.com,https://www.infinitypoolsofmi.com/,https://www.google.com/maps?cid=10955588844835684680,a2acc1df-b2ae-4e0a-883c-eec99243a659
J&M Pools Installation and Repairs LLC,,Michigan,4.3,60,1,+1734-410-9176,,jmpoolsinstallation.com,http://jmpoolsinstallation.com/,https://www.google.com/maps?cid=12623261723553397674,f4a6917f-4195-4ab5-8419-aea54645b3d7
"Midwest Pools, Inc.",Grand Blanc,Michigan,3.7,114,1,+1800-450-7665,,midwestpools.com,https://www.midwestpools.com/,https://www.google.com/maps?cid=15928392995836696825,0bbe8e45-e326-4427-a0cd-bc2507b1694a
Owosso Pools LLC,Owosso,Michigan,4.9,49,1,+1989-725-8400,,owossopools.com,https://www.owossopools.com/,https://www.google.com/maps?cid=4106715101937841128,bf0759ac-9deb-48e5-ab6c-33691494201c
Prestige Pools,,Michigan,4.3,74,1,+1248-860-6294,,prestigepoolsofmi.com,http://www.prestigepoolsofmi.com/,https://www.google.com/maps?cid=302780269705665347,74ca0255-3f47-45e8-96ec-5aa454caf278
Quality Pool & Spa,Grand Rapids,Michigan,4,43,1,+1616-940-9966,,qualitypoolspa.com,http://www.qualitypoolspa.com/,https://www.google.com/maps?cid=6809776767554605433,7c84d7ac-3398-4eb7-81e9-4f895b9ca7ee
Sardelli Custom Pools,Warren,Michigan,3,98,1,+1586-979-9500,,sardellicustompools.net,http://sardellicustompools.net/,https://www.google.com/maps?cid=11534309800003586952,03e0bb5e-352f-4799-996f-958909a99922
Southern Michigan Pool Pros,Coldwater,Michigan,4.5,50,1,+1517-924-0533,,smpoolpros.com,https://smpoolpros.com/,https://www.google.com/maps?cid=2566223471841191363,e0837dc8-d9ad-4189-9e80-0de407e141b4
Wolbers Pools & Landscapes,Ionia,Michigan,4.6,60,1,+1616-527-9190,,wppoolscapes.com,https://wppoolscapes.com/,https://www.google.com/maps?cid=5265118386661046412,b8f97696-fa2a-400f-8e78-6488d440deef
Anderson Bros Outdoors,Buffalo,Minnesota,4.9,44,1,+1763-309-8109,,andersonbrosoutdoors.com,https://www.andersonbrosoutdoors.com/,https://www.google.com/maps?cid=7211968369155902069,26afc8b2-fd10-4345-851e-8a785c67c8d3
Blaiser Pools,Lake Elmo,Minnesota,4.9,54,1,+1651-260-1635,,blaiserpools.com,https://www.blaiserpools.com/,https://www.google.com/maps?cid=12933011088949984945,32431d38-0744-432d-9211-97f8ee59a66b
Plan Pools & Concrete,Apple Valley,Minnesota,4.6,91,1,+1952-994-6032,,planpools.com,http://www.planpools.com/,https://www.google.com/maps?cid=14538467038559969881,691d8bbc-82c3-49cf-924b-2bbaa6afc587
Shamrock Pools,Brooklyn Park,Minnesota,4.7,141,1,+1612-501-3201,,shamrockpoolsmn.com,http://shamrockpoolsmn.com/,https://www.google.com/maps?cid=15558584230674661731,8a9ae628-3ea1-4e4b-ae6d-d42624e610f1
"Allen Pools, LLC",Corinth,Mississippi,3.8,46,1,+1731-239-5500,,allenpoolsllc.com,http://allenpoolsllc.com/?utm_source=gmb&utm_medium=referral,https://www.google.com/maps?cid=4616283709420758745,11afb202-51f4-4bb2-bec7-71b254bf0fdd
"Aquaworks Pools, LLC",Hernando,Mississippi,5,82,1,+1662-429-8200,,aquaworkspool.com,https://aquaworkspool.com/,https://www.google.com/maps?cid=16921467355407083683,e64b054d-4062-4c62-a9a8-146ec40b215d
"Splash Pools, Inc",Hernando,Mississippi,4.1,57,1,+1662-469-5717,,splashpoolshernando.com,http://www.splashpoolshernando.com/,https://www.google.com/maps?cid=9840127535815836269,5882dd4e-1826-44d4-b519-9fc890ae6d36
Aqua Blue Pools,Grandview,Missouri,4.6,45,1,+1816-226-5163,,lovethepool.com,http://www.lovethepool.com/,https://www.google.com/maps?cid=14306744002431071632,015cdd43-f505-412d-8db7-81a7614e0a02
Bi-State Pool & Spa,O'Fallon,Missouri,4.2,69,1,+1636-379-3000,,bistatepool.com,https://bistatepool.com/,https://www.google.com/maps?cid=16933010997047500205,1636659a-542f-4486-9514-d55fd2351086
Elevate Pools,O'Fallon,Missouri,4.4,41,1,+1314-822-7946,,elevate-pools.com,https://elevate-pools.com/,https://www.google.com/maps?cid=4079495138986435008,5b245408-d418-4499-a7ec-452548cd717e
Hinkle Outdoor Living,Riverside,Missouri,4.8,144,1,+1816-608-8870,,hinkleoutdoorliving.com,https://hinkleoutdoorliving.com/,https://www.google.com/maps?cid=16918665501483975289,41c9a0f3-80e7-4d5f-baba-7ca458077dfb
Kohler Pool & Landscape Construction,Pleasant Hill,Missouri,4.9,88,1,+1816-540-4400,,kohleroutdoor.com,https://kohleroutdoor.com/,https://www.google.com/maps?cid=462772512958018882,ccbdcefa-06e5-476f-828e-397d205fa7a4
Landmark Aquatic,Maryland Heights,Missouri,3.8,68,1,+1314-432-1801,,westportpools.com,https://www.westportpools.com/,https://www.google.com/maps?cid=15722334080797849007,55d504f7-8fe1-408a-8ffd-0736da1ffed6
Pool Tron Inc,Hazelwood,Missouri,4,88,1,+1314-428-1971,,pooltron.com,http://www.pooltron.com/,https://www.google.com/maps?cid=3215919876374705798,b4b4d9f2-d452-46e2-8ec7-298949849ef8
Pruett's Pool and Spa,West Plains,Missouri,4.8,120,1,+1417-257-7665,,pruettspoolandspa.com,http://www.pruettspoolandspa.com/,https://www.google.com/maps?cid=16998120992698164959,88aee6c2-132e-4505-ab47-f213331264df
Top Priority Companies LLC,Carterville,Missouri,4.9,48,1,+1417-540-4087,,topprioritycompanies.com,https://www.topprioritycompanies.com/,https://www.google.com/maps?cid=5226909488458421303,f2e183e4-91db-4af4-beac-43e759351344
"Wideman Pools, LLC",Festus,Missouri,4.9,120,1,+1636-931-7665,,widemanpools.com,http://www.widemanpools.com/,https://www.google.com/maps?cid=6725209344236460175,7f0bdae0-e697-4982-a0a4-45f7108386e3
"Executive Outdoor Living, LLC",Bennington,Nebraska,4.4,44,1,+1402-571-0630,,executiveoutdoorliving.com,https://www.executiveoutdoorliving.com/,https://www.google.com/maps?cid=2185609391744815935,0616223f-17be-43d3-b625-2950f8defbc9
Hardscape Contractors,Papillion,Nebraska,4.6,82,1,+1402-512-1964,,hardscapecontractors.net,https://www.hardscapecontractors.net/?utm_source=google&utm_medium=organic&utm_campaign=gmb,https://www.google.com/maps?cid=3096186731724870765,dba0a321-8ef4-4175-b911-8ea635227fb7
Performance Pools & Spa,Lincoln,Nebraska,4.2,61,1,+1402-601-6906,,ppools.com,http://www.ppools.com/,https://www.google.com/maps?cid=8869556428549418745,01fb8e58-bc85-479e-826e-af365bf6f315
Admiral Pool Solutions LLC,Las Vegas,Nevada,4.6,114,1,+1702-636-7665,,admiralpoolsolutions.com,http://www.admiralpoolsolutions.com/,https://www.google.com/maps?cid=3395576534268870684,bc9f92e2-45e2-46fe-8318-be3f94bc4400
California Pools of Las Vegas,Las Vegas,Nevada,4.4,100,3,+1702-500-8199,,californiapools.com,https://californiapools.com/las-vegas,https://www.google.com/maps?cid=248037075955160716,e636ddc3-4ab8-4409-b01e-be252d53697e
Desert Springs Pools & Spas,Las Vegas,Nevada,4.6,79,1,+1702-452-5900,,desertspringspools.com,https://desertspringspools.com/,https://www.google.com/maps?cid=12739360186700452309,aca7500d-6a46-4867-9df1-c7b95ccfd1dc
Pools R Us LLC,Las Vegas,Nevada,4.9,118,1,+1702-703-7907,,poolsrusllc.com,https://www.poolsrusllc.com/?utm_source=gbp,https://www.google.com/maps?cid=83867957613891557,5a8372e3-8eb1-4866-ac34-d05ddb27b0af
Poolscapes,Henderson,Nevada,4.8,55,1,+1702-407-8989,,poolscapes.com,http://poolscapes.com/,https://www.google.com/maps?cid=2388963365752350077,64ed96c5-d796-4f6e-b6b4-bd50ca269f0e
Vintage Pools Las Vegas - Swimming Pool Contractor,Las Vegas,Nevada,3.5,44,1,+1702-433-2700,,vintagepoolslv.com,http://www.vintagepoolslv.com/,https://www.google.com/maps?cid=1085422542969015003,57d67f6e-0fb3-451e-a95e-221587ebe3ed
Xterior Creations Pools & Spas,Las Vegas,Nevada,4.7,103,1,+1702-342-8600,,xteriorcreations.com,https://xteriorcreations.com/,https://www.google.com/maps?cid=13125556910024531619,e90ea491-e32c-40c1-8eb1-7b56164ea8cb
Custom Pools Inc.,Newington,New Hampshire,3.7,58,1,+1603-431-7800,,custompools.com,http://www.custompools.com/,https://www.google.com/maps?cid=16238385848222981298,317e4afc-0a59-432b-98b0-b3a7f2b7f8ab
"D&P Swimming Pool, Inc.",Plaistow,New Hampshire,4.3,59,1,+1603-382-7631,,dppoolsonline.com,http://www.dppoolsonline.com/,https://www.google.com/maps?cid=4348438289100933158,6ba5940b-2a21-4d7c-a19a-f5ade626cc9b
Soake Pools,,New Hampshire,5,82,1,+1603-749-0665,,soakepools.com,https://soakepools.com/,https://www.google.com/maps?cid=1219870488905009482,8e551ce0-dd4f-43cb-86b4-d0fe02386fa7
Stone Ridge Outdoor Experiences,,New Hampshire,4.8,45,1,+1978-479-4691,,designsbystoneridge.com,http://www.designsbystoneridge.com/,https://www.google.com/maps?cid=9186985470288339810,88f9088d-d96a-480c-adb3-175c5b0e65f1
A&M Pools,Matawan,New Jersey,4.6,67,1,(732) 616-6151,,ampoolsnj.com,http://www.ampoolsnj.com/,https://www.google.com/maps?cid=10221518353758751971,13036b08-bfae-418b-a586-f18ac31ded3c
"Acqua Pools, Inc.",Midland Park,New Jersey,4.6,95,1,+1201-444-2424,,acquapools.com,http://acquapools.com/,https://www.google.com/maps?cid=17890199328667550145,3ac8f196-3515-4a1d-900b-e7af1fe65436
Add On Pools,Middletown Township,New Jersey,3.6,51,1,+1732-671-0808,,addonpools.com,http://www.addonpools.com/,https://www.google.com/maps?cid=4314811360428112450,4df06be9-2bf5-45d5-9687-85f70931b8b7
American Pools & Spas,Cape May,New Jersey,4.8,58,1,+1609-889-0157,,americanpoolonline.com,http://www.americanpoolonline.com/,https://www.google.com/maps?cid=6251746021673218339,a7f5902d-2ecb-474b-8f63-fe9c47a3bef7
Aquatic Artists,,New Jersey,5,57,1,+1888-928-7949,,aquaticartists.com,https://aquaticartists.com/?utm_source=google&utm_medium=organic&utm_campaign=gbp_listing,https://www.google.com/maps?cid=7018178842751924355,1b28fd7a-0149-4131-a9d6-bbe1b654c4e2
Atlantic Pool Pros,Point Pleasant,New Jersey,4.7,58,1,+1732-547-4875,,atlanticpoolpros.com,http://www.atlanticpoolpros.com/,https://www.google.com/maps?cid=15011240175987476695,74c8c8e1-8fac-4f32-a614-a36b16e81f04
Blu Sol Pools,West Milford,New Jersey,4.5,43,1,+1973-633-7979,,blusolpools.com,https://blusolpools.com/?utm_source=google&utm_medium=organic&utm_campaign=google_business_profile,https://www.google.com/maps?cid=9374595336048471515,1406888f-ad16-4410-9d1f-227096b1c58c
Cadillac Pools Of New Jersey,,New Jersey,4.8,53,1,+1732-295-7946,,cadillacpools.com,https://www.cadillacpools.com/?utm_source=gmb&utm_medium=gmb,https://www.google.com/maps?cid=5824510104045853961,9fad9b14-eaf2-4b2e-ad35-9edf981c113e
Caribbean Blue Pools & Spas,Pompton Plains,New Jersey,4.5,50,1,+1973-283-7978,,caribbeanpoolsspas.com,https://www.caribbeanpoolsspas.com/,https://www.google.com/maps?cid=7513285196498322634,353a6136-00ad-4b82-b86c-ec4e1de900f4
Christian Pools LLC,Toms River,New Jersey,4.3,87,1,+1732-270-5400,,christianpools.com,http://www.christianpools.com/,https://www.google.com/maps?cid=14920500391448929006,60a6f129-7885-4430-96dc-5f7ec98c6dd7
Custom Pool Pros,Freehold,New Jersey,4.4,76,1,+1732-866-8667,,custompoolpros.com,https://custompoolpros.com/,https://www.google.com/maps?cid=6926278229962688382,6d7de23a-099b-42a4-8ff1-e4698988585c
Del Val Pools and Spas Elmer,Elmer,New Jersey,3.9,73,2,+1856-358-3333,,delvalpoolsandspas.com,http://www.delvalpoolsandspas.com/,https://www.google.com/maps?cid=15570059274909417910,1b17ef00-8c5c-4bec-a014-17303b8c04d3
Dell Outdoor,Kinnelon,New Jersey,4.8,72,1,+1866-770-3923,,delloutdoor.com,https://delloutdoor.com/,https://www.google.com/maps?cid=18031102702924924865,9cb464c5-a089-4e06-9e03-592c062ebe6f
Elite Backyard Builders,Hillsborough Township,New Jersey,4.7,48,1,(908) 242-6630,,elitebackyardbuilders.com,https://www.elitebackyardbuilders.com/,https://www.google.com/maps?cid=225416100488988487,718961e0-5b0d-4818-8b1c-8bc01f776e10
Fortunato Concrete Pools Inc.,Howell Township,New Jersey,4.6,68,1,+1732-994-7665,,fortunatoconcretepools.com,https://fortunatoconcretepools.com/?utm_source=Google&utm_medium=GBP,https://www.google.com/maps?cid=2516374734851439462,c82ed2bd-ef38-47f2-9a38-498ee92c9858
GD Group Custom Pools LLC,Wayne,New Jersey,5,44,1,+1973-609-5776,,gdgroupnj.com,https://www.gdgroupnj.com/?utm_campaign=gmb,https://www.google.com/maps?cid=2977908783774029306,f1ffd558-4a6e-498e-bec5-51e2ef2ac72c
Holiday Pools,Freehold,New Jersey,4.2,45,1,(732) 780-7290,,holidaypoolsnj.com,https://www.holidaypoolsnj.com/,https://www.google.com/maps?cid=17998166609279041228,489100fb-fd44-42b1-9674-63c42e5c8153
"Hubinger Pools & Landscape, Inc",Wayne,New Jersey,4.8,59,1,+1973-696-1932,,hubingerlandscaping.com,http://www.hubingerlandscaping.com/,https://www.google.com/maps?cid=2030498785355465508,d7836aa6-a9f2-48de-8feb-b1f102f36bc1
Island Pools and Patios,Cape May Court House,New Jersey,4.2,107,1,+1609-796-5585,,islandpoolsnj.com,http://www.islandpoolsnj.com/,https://www.google.com/maps?cid=13138579296024368904,9a98a5ed-c7d5-49e7-960f-320b0be001a4
Makin' A Splash Swimming Pools,Oak Ridge,New Jersey,4.3,43,1,+1973-208-7665,,makinasplash.com,http://www.makinasplash.com/,https://www.google.com/maps?cid=12665466453364915882,13b2f794-3ea5-4b0d-809b-b60a30a4495f
Marco Pools LLC,,New Jersey,4.5,89,1,+1856-296-8100,,marcopoolsllc.com,http://marcopoolsllc.com/,https://www.google.com/maps?cid=16597203276205708371,277db336-594d-4de6-a6f9-da4cd3ca717a
"Mufson Pools, Landscape & Design LLC",Norwood,New Jersey,4.9,77,1,+1201-768-6844,,mufsonpools.com,https://mufsonpools.com/,https://www.google.com/maps?cid=6410693541061561304,4f67a0bb-33ac-4ee2-89cf-b52831fa5598
NJJ Pool Installations,Rahway,New Jersey,4.6,103,1,(732) 943-8070,,njjpools.com,https://njjpools.com/,https://www.google.com/maps?cid=14476766948820495126,25143598-26e3-4cf6-b8bc-6ec66f1e9816
National Pools & Spas,Hillsborough Township,New Jersey,3.8,100,1,(908) 874-6666,,nationalpoolsandspas.com,https://www.nationalpoolsandspas.com/?utm_source=google&utm_medium=organic&utm_campaign=gmbhills,https://www.google.com/maps?cid=17100402266016531410,08d99a3a-9beb-4635-8c6f-360fffedbec1
Olympic Pools & Spa,,New Jersey,3.9,109,1,+1201-845-7454,,olympicpoolsandspa.com,http://olympicpoolsandspa.com/,https://www.google.com/maps?cid=9516979639463348610,2041b834-f689-456b-84ce-fe12fb2f8d76
Pool Designs,Hamilton Township,New Jersey,4.2,81,1,+1609-324-9900,,poolinaday.com,http://www.poolinaday.com/,https://www.google.com/maps?cid=1582002306555351358,de440823-67a3-4eb4-8441-9507e06fdc65
Pool Designs by Poolside,Toms River,New Jersey,4.2,102,1,+1732-557-5599,,pooldesignsnj.com,https://pooldesignsnj.com//,https://www.google.com/maps?cid=11321139118907306976,e6a8df82-1144-4b5a-ace8-73521f290c08
Puravida Outdoor Living,Wall Township,New Jersey,4.9,60,1,+1732-835-0493,,puravidacustompools.com,https://puravidacustompools.com/?utm_source=google&utm_medium=organic&utm_campaign=Google+Business+Profile,https://www.google.com/maps?cid=11712115365293473903,8ee5d244-f802-4984-99a9-5f2ce08b6276
Rin Robyn Pools®,Hackettstown,New Jersey,4,77,1,+1908-850-8545,,rinrobyn.com,https://rinrobyn.com/,https://www.google.com/maps?cid=7915682059636026554,517ccefb-dc91-4fa0-8ede-d2bedc36447f
"Spartan Pools And Spas, Inc.",Hamilton Township,New Jersey,3.9,44,1,+1732-534-5892,,spartanpoolsandspas.com,http://spartanpoolsandspas.com/,https://www.google.com/maps?cid=16461565083916826109,722120da-8122-4ce8-bc99-47dd95b2196a
Stardust Pools,East Brunswick,New Jersey,3.6,108,1,+1732-254-3330,,stardust-pools.com,http://stardust-pools.com/pool-service/,https://www.google.com/maps?cid=5723728053751732072,4cbc58f6-473c-4fa6-b609-793bfaac8cc9
Swim-mor Pools,Northfield,New Jersey,4.4,50,1,+1609-645-7171,,swimmor.com,http://www.swimmor.com/,https://www.google.com/maps?cid=5315977405912345631,d1f64d48-eb13-4a2a-9550-6f17eeedaf6e
TFI Pools Installations,,New Jersey,4.1,142,1,+1973-751-3777,,tfipoolsinstallations.com,https://www.tfipoolsinstallations.com/,https://www.google.com/maps?cid=16925760542491644400,a16db6d4-f52a-402e-b10a-a9ac2df082c3
Unlimited Pools LLC,,New Jersey,4.9,46,1,+1908-531-1828,,unlimitedpoolsnj.com,https://unlimitedpoolsnj.com/,https://www.google.com/maps?cid=3379700696788832977,d5044021-2df7-426e-b05b-23f24da789dc
Water & Stone Pools and Masonry,Mahwah,New Jersey,4.9,56,1,+1551-287-5050,,waterandstonepools.com,https://waterandstonepools.com/,https://www.google.com/maps?cid=13985229831865903063,c0366390-fe86-4c15-a34b-96224513bcab
Agape Pools Inc- Builder and Renovations,Miller Place,New York,5,102,1,+1631-346-1811,,agapepoolsli.com,http://www.agapepoolsli.com/,https://www.google.com/maps?cid=8711834994476478180,94cc52ec-5f19-4029-aa54-dc8106d96f12
Anchor Pools Inc,Speonk,New York,5,47,1,+1631-644-0862,,eastendanchor.com,http://eastendanchor.com/,https://www.google.com/maps?cid=16748742936114838782,d62943ce-f7f1-4cf9-a01e-7d1d2db340f7
Blue Crew Pools,,New York,4.6,42,1,+1518-285-0460,,bluecrewpools.com,https://www.bluecrewpools.com/,https://www.google.com/maps?cid=584206712700371837,c2b371ba-46db-40bb-a316-b7bc9a69c5e0
Blue Ribbon Pools,Commack,New York,4.8,64,1,+1516-790-3169,,longislandpoolsltd.com,https://www.longislandpoolsltd.com/,https://www.google.com/maps?cid=17376372951900938336,85fa1a83-3f2b-4d8b-a92b-581cca46693d
Braccolino Pool & Spa,Staten Island,New York,4.6,61,1,+1718-447-4488,,braccolinopools.com,https://www.braccolinopools.com/,https://www.google.com/maps?cid=16066104471452938367,6756a202-0ac4-4945-9e02-b72910819f73
Capital Land Companies LLC,Rensselaer,New York,4.5,40,1,+1518-944-4377,,capitallandcompanies.com,https://capitallandcompanies.com/,https://www.google.com/maps?cid=11841170457821809727,2fef1a6c-da1a-4d23-ad27-9bea5b98f07f
Cardillo Pools & Spas,New Rochelle,New York,4.8,45,1,+1914-235-0883,,cardillopools.com,http://www.cardillopools.com/,https://www.google.com/maps?cid=8193105487164990851,28f290d1-9bbf-4f58-8205-64295f16b4a9
Chameleon Pools,Lockport,New York,4.1,42,1,+1716-625-7120,,chameleonpools.com,http://chameleonpools.com/,https://www.google.com/maps?cid=17223617189419158483,96e86da8-625a-4723-a9df-5b1d07a785df
"Cool Pool, Inc.",Nanuet,New York,4.8,75,1,+1845-352-0110,,coolpool.com,http://www.coolpool.com/,https://www.google.com/maps?cid=12277282175483887700,59957908-e103-4749-b0c6-ecaeea750d3c
Coral Sea Pools,Briarcliff Manor,New York,4.5,48,1,+1914-762-1133,,coralseapools.com,http://www.coralseapools.com/,https://www.google.com/maps?cid=13381623108027955642,0f7b4c52-2136-4dce-892e-7f9a87128e54
DS Pools Corp.,,New York,5,46,1,+1631-965-6422,,dspool.net,http://dspool.net/,https://www.google.com/maps?cid=351573183927561370,599b56f2-0d6e-4a7c-a6ec-0da67a678094
Dakota Swimming Pools,Ronkonkoma,New York,4.8,101,1,+1631-859-0870,,dakotapools.com,http://www.dakotapools.com/,https://www.google.com/maps?cid=2341577032741748829,e241172b-461e-44be-bd92-51f4730c81b6
DelGallo Country Pools,Schenectady,New York,4.3,123,1,+1518-372-1306,,delgallocountrypools.com,https://www.delgallocountrypools.com/,https://www.google.com/maps?cid=15747548501166828191,3f9b3d2d-f5e2-4813-b2fd-cc239a8a48c7
Design Pool & Spa,Fairport,New York,4.9,51,1,+1585-223-8650,,designpoolandspa.com,https://designpoolandspa.com/,https://www.google.com/maps?cid=12208231655310061402,46dc2e2a-5c88-41ff-a6f4-56220503fb11
Designer Pools,Jamestown,New York,4.3,59,2,+1716-483-7946,,designerpoolsandspas.com,http://www.designerpoolsandspas.com/,https://www.google.com/maps?cid=6097344727992642326,b21dd1c5-1969-451a-961b-7de753186a28
Elite Pools,Bridgehampton,New York,4.9,97,1,+1631-776-5941,,elitepoolsny.com,https://www.elitepoolsny.com/,https://www.google.com/maps?cid=13639166756394974605,1103f587-1e37-48d7-90b0-d7c91a960ebf
Florida Concepts Pools & spa’s Inc.,Mahopac,New York,4.9,79,1,+1914-837-3004,,floridaconceptspools.com,http://floridaconceptspools.com/,https://www.google.com/maps?cid=15790252000879396942,b22f7a34-15bb-48ed-b689-9db210faa68f
Gibbons Pools Inc.,Islandia,New York,4.3,52,1,(631) 851-3000,,gibbonspools.com,http://www.gibbonspools.com/,https://www.google.com/maps?cid=9630335557970220431,6757b0f6-85ab-4c87-822a-c3809eb76fc6
Glamour Pools,Clarence,New York,3.8,52,1,+1716-759-6959,,glamourpoolsinc.com,http://glamourpoolsinc.com/,https://www.google.com/maps?cid=7474550002596904792,12b0834c-cdf4-4aad-ba13-ebf0ee12b00b
JAS Aquatics | Pool Company | Pool Installers,Huntington Station,New York,4.9,112,1,+1631-239-8031,,jasaquatics.com,http://jasaquatics.com/,https://www.google.com/maps?cid=13731437703005768512,8f4307c9-b5bf-4487-a6a7-11b7b98820e6
"Loyal Landscaping, LLC",Wallkill,New York,4.7,46,1,(845) 645-1132,,trustloyallandscaping.com,https://trustloyallandscaping.com/?utm_source=google&utm_medium=gmb&utm_campaign=seo,https://www.google.com/maps?cid=14090178034297378197,a8bc9955-bebd-4531-ae8d-9f36e604edf9
Mahopac Pools Inc.,Mahopac,New York,4.9,70,1,(845) 621-7665,,mahopacpools.com,http://www.mahopacpools.com/,https://www.google.com/maps?cid=6130674025501571714,dc32b0c5-d550-4de8-a535-209b1c325ba6
"NeJame Pool Specialists, Inc.",Verbank,New York,4.4,42,1,+1845-677-7665,,nejamepools.com,http://nejamepools.com/,https://www.google.com/maps?cid=17193452806086508656,a26dc9da-bdfe-4996-a8f7-f75f2e8bf944
Neave Outdoor,Wappingers Falls,New York,4.2,97,1,(845) 463-0592,,neavegroup.com,https://www.neavegroup.com/?utm_source=localfx&utm_medium=organic&utm_campaign=localfx,https://www.google.com/maps?cid=1083556429513388398,f693db62-a0b9-43dc-81d4-1ce0f0329b4b
"Next Level Pools,LLC",Staten Island,New York,4.9,50,1,+1347-217-1543,,nextlevelpoolsllc.com,https://nextlevelpoolsllc.com/,https://www.google.com/maps?cid=3306364055219038549,415ad4e8-da72-42b8-bd35-6859fd3fd836
Pacific Pools & Spas,East Amherst,New York,4.5,59,1,(716) 636-1480,,716pools.com,https://716pools.com/,https://www.google.com/maps?cid=3567890852431798108,581aa672-1c34-4294-b1f8-a40cf22c3bb9
Padilla pools,,New York,4.8,63,1,+1631-506-2529,,padillapoolservices.com,http://www.padillapoolservices.com/,https://www.google.com/maps?cid=3147442674633578528,10dab775-f582-409f-bb2d-04506159a259
Pool FX Inc.,Middletown,New York,4.4,73,1,+1845-294-7665,,poolfxinc.com,http://poolfxinc.com/,https://www.google.com/maps?cid=16891320660962942232,9aa1440d-3cec-4015-a790-43adec561fbf
Pool Fection,Hauppauge,New York,4.3,114,1,+1631-360-6630,,poolfection1.com,http://www.poolfection1.com/,https://www.google.com/maps?cid=10253388904055989092,12420ace-ccd9-4503-b3b7-cccabf2863de
Pools by Ricciardi and Son,Lindenhurst,New York,4.8,48,1,+1631-592-4410,,poolsbyricciardiandson.com,http://www.poolsbyricciardiandson.com/ourlocation.html,https://www.google.com/maps?cid=14970449516451336467,060a424f-cd97-48ad-aac0-8aa4c6cbd361
Rogliano Pools,Eastchester,New York,5,86,1,+1914-202-5788,,roglianopools.com,http://roglianopools.com/,https://www.google.com/maps?cid=836575213568889806,7a89f5fe-a83d-4880-afaa-8c27fe1ec098
Rp Swimming Pools,,New York,4.9,69,1,+1631-697-6674,,rpswimmingpoolsinc.com,https://rpswimmingpoolsinc.com/,https://www.google.com/maps?cid=13148259693357632557,4d8b6d0d-1ad8-4ae8-ade4-562ca59e106c
Suffolk Pool Corp,,New York,4.9,56,1,+1631-714-5658,,suffolkpoolcorp.com,https://suffolkpoolcorp.com/,https://www.google.com/maps?cid=13298848949406309619,a34de10a-299a-4a3f-a0fd-832204286bfe
Swimco Pools Inc,Lockport,New York,4.5,44,1,(716) 625-9269,,swimcopools.com,http://www.swimcopools.com/,https://www.google.com/maps?cid=6853689141314606263,6dba2fb5-63cd-48d5-8dc6-5fd75e611473
TLC Pools,Miller Place,New York,4.2,49,1,+1631-846-3970,,tlcpool.com,http://www.tlcpool.com/,https://www.google.com/maps?cid=97383257386922940,19bf0eb8-8f59-4cc2-bab6-418c2dd310a4
Typhoon Custom Pools,Selden,New York,4.4,107,1,+1631-205-2583,,typhooncustompools.com,https://typhooncustompools.com/,https://www.google.com/maps?cid=996531148785494841,8f179c83-716c-48a2-853d-2ad31164b3de
iHeart Pools,Holtsville,New York,5,43,1,+1631-759-6099,,iheartpools.com,https://iheartpools.com/,https://www.google.com/maps?cid=14981321891922544840,7d36d351-ab56-4a85-badb-fada3b60c85f
Above Ground Pros Wilmington NC,,North Carolina,4.7,63,1,+1910-795-2860,,abovegroundpros.com,http://abovegroundpros.com/,https://www.google.com/maps?cid=10046937463883611816,1c230b29-5f9a-4de1-8ba4-b7a926947c45
Aloha Pools,,North Carolina,4.7,53,1,+1704-597-7140,,poolsbyaloha.com,http://www.poolsbyaloha.com/,https://www.google.com/maps?cid=4037576752801075856,b3e0e0df-2b67-436f-9e0a-562b7c7ecddc
Backyard Pool & Spa,,North Carolina,4.1,126,1,+1704-860-9475,,weebly.com,http://www.backyardpoolandspa.weebly.com/,https://www.google.com/maps?cid=16914995786384379972,5196b09a-46fe-4f6d-830a-94cfb3d3fe1f
Bella Pools & Outdoor Living,Midland,North Carolina,4.5,48,1,+1704-506-5079,,bellacustompools.com,https://bellacustompools.com/,https://www.google.com/maps?cid=14588451926804624916,bb86ed3a-1792-41ca-bb95-f0e9f5b112bd
Bella Pools by Design,Morrisville,North Carolina,4.5,71,1,+1919-465-1965,,bellapoolsbydesign.com,https://bellapoolsbydesign.com/,https://www.google.com/maps?cid=5836385616554497979,ee7f7a39-d9e8-403c-bf46-1d30e9fb0e7e
COOGAN'S DESIGN-BUILD,Pineville,North Carolina,4.8,40,1,+1704-889-1500,,cooganslandscape.com,https://cooganslandscape.com/,https://www.google.com/maps?cid=16648454962812637824,081d2686-9311-49b5-8ad7-da8841654e40
CPC Pool Works,Zebulon,North Carolina,4.7,91,1,+1984-789-7665,,cpcpoolworksnc.com,http://cpcpoolworksnc.com/,https://www.google.com/maps?cid=8787212783938479995,94db907e-04dc-4f32-80e4-67b5974161d4
CPC Pools,Denver,North Carolina,4.5,133,1,+1704-728-3520,,mycpcpools.com,https://mycpcpools.com/,https://www.google.com/maps?cid=11066080860710374099,0b963d80-edf8-4b93-ac97-c3c2421cc42f
Carolina Creations Landscapes & Pools,Shallotte,North Carolina,4.6,99,1,+1910-755-6411,,carolinacreations.biz,https://carolinacreations.biz/,https://www.google.com/maps?cid=16061714831115979786,d1e15813-4ad5-496e-92bf-13e72e809e47
"Carolina Pool Builders, Inc.",Hickory,North Carolina,4,107,1,+1828-313-1401,,carolinapoolbuilders.com,https://carolinapoolbuilders.com/,https://www.google.com/maps?cid=7030898705609107460,6baa66f9-2a35-4c78-a1c4-132491b882da
Chandler Pool and Spa,Hendersonville,North Carolina,4.2,95,1,+1828-490-2002,,chandlercustompools.com,https://www.chandlercustompools.com/,https://www.google.com/maps?cid=12371451055463929113,ac768907-e777-4ed1-8bc0-31308a64aa17
Charlotte Pool Company,Charlotte,North Carolina,5,42,1,+1980-432-8555,,charlottepoolco.com,https://www.charlottepoolco.com/,https://www.google.com/maps?cid=17211799882003326225,50703db4-9eab-4896-bcbb-fed261bc69a8
Cool Pools and Spas | Fiberglass pool contractor,Fuquay-Varina,North Carolina,4,66,1,+1919-367-7277,,coolpoolsandspas.com,http://www.coolpoolsandspas.com/,https://www.google.com/maps?cid=7065914353293461766,87af0a5a-de6e-4b04-a900-04f6c843ca1d
Cornerstone Pools LLC,Raleigh,North Carolina,5,52,1,+1919-937-6847,,cornerstonepoolsllc.com,https://cornerstonepoolsllc.com/,https://www.google.com/maps?cid=8549679970368523386,363b9107-5526-4524-bf7b-666b759ec47b
Creative Pool Builders,Asheboro,North Carolina,4.4,149,1,+1336-736-8621,,creativepoolbuilder.com,http://www.creativepoolbuilder.com/,https://www.google.com/maps?cid=8878801411530427060,a528f028-f1bd-4d04-a88b-94c3eb9fbe12
Designer Pools By Ace,Charlotte,North Carolina,4.9,111,1,+1972-943-4267,,designerpoolsbyace.com,https://designerpoolsbyace.com/,https://www.google.com/maps?cid=12791753267944953966,3938e2cf-ad42-42c6-83aa-582c2c5e5584
Dockery's Pools and Patios,,North Carolina,5,139,1,+1704-606-2111,,dockeryspoolsandpatios.com,http://www.dockeryspoolsandpatios.com/,https://www.google.com/maps?cid=3581856143602296289,1fa167f2-7167-4e38-86e0-f5033ffdbc6a
H2O-Matic Pool and Patio,Mooresville,North Carolina,4.8,63,1,+1704-706-5081,,h2o-matic.com,https://h2o-matic.com/,https://www.google.com/maps?cid=12369919194767377110,346f7d40-aacf-4472-9e17-7372f03a7b13
Hot Springs Pools & Spas,Franklin,North Carolina,4.8,101,1,+1828-369-2871,,hotspringspools.net,https://hotspringspools.net/,https://www.google.com/maps?cid=2566185341071269723,7f9cc22e-d566-429e-9326-9ee288936ee9
"Infinity Pool Construction, LLC",,North Carolina,4.5,66,1,+1704-974-1220,,infinitypoolconstruction.com,http://www.infinitypoolconstruction.com/,https://www.google.com/maps?cid=10246508245767145708,bb9dac39-011c-4f5f-8a34-a8a0a29ce05a
Innovative Pool Designs Inc,Kings Mountain,North Carolina,4.8,75,1,+1704-739-5719,,ipdnc.com,http://www.ipdnc.com/,https://www.google.com/maps?cid=8379914632007406866,2f90cf3b-a73a-44ed-90d5-c895355b0f41
K & B Pools & Spas,Goldsboro,North Carolina,4.1,101,1,+1919-759-0203,,kandbpools.com,http://www.kandbpools.com/,https://www.google.com/maps?cid=895408211334207259,e77d0e4d-20eb-439a-931f-e776fc29421c
K-Built Construction Pools & Spas,Burlington,North Carolina,4.4,62,1,+1336-584-5000,,kbuiltconstruction.com,http://www.kbuiltconstruction.com/,https://www.google.com/maps?cid=15558039706897336708,d5997bfb-f300-4d44-acb3-2ebd0cff8676
Lexren,,North Carolina,4.9,99,1,+1704-290-4764,,builtbylexren.com,https://www.builtbylexren.com/,https://www.google.com/maps?cid=10460224782419328290,343f1239-1d6a-4f02-89e4-c2e38956c545
Master Pools by Gress' Inc.,New Hill,North Carolina,5,55,1,+1919-545-7665,,gressinc.com,https://www.gressinc.com/,https://www.google.com/maps?cid=32640532201673157,9753389d-4afd-4092-bc57-dc9e546f4157
Ocean Blue Pools and Spas,Wilmington,North Carolina,4.3,132,1,+1910-799-3022,,oceanbluepoolsandspas.com,https://oceanbluepoolsandspas.com/?utm_source=google&utm_medium=organic&utm_campaign=gbp,https://www.google.com/maps?cid=3896978271297386493,7b4218c4-428c-4dde-8f13-1dc8e647d3d0
Osterhus Outdoors Fiberglass Pools,Salisbury,North Carolina,4.8,42,1,+1704-239-7647,,rowanpools.com,https://rowanpools.com/,https://www.google.com/maps?cid=9292350444833230765,ce5195d4-9d26-4ba2-9dc0-70308a1147ef
Pelican Pools and Design,Cornelius,North Carolina,5,45,1,+1704-662-2575,,pelicanpoolsanddesign.com,http://www.pelicanpoolsanddesign.com/,https://www.google.com/maps?cid=15578267386608950392,8d1210c5-d1ad-4462-b6fa-f1fe747421f0
Pool Professors,Mooresville,North Carolina,4.9,84,1,+1980-500-1515,,poolprofessorsnc.com,https://poolprofessorsnc.com/,https://www.google.com/maps?cid=16325573201648796781,6ee47af8-7a6a-4acf-900a-09ff94d4ed8c
Pool Specialist,Wilmington,North Carolina,4.4,41,1,+1910-395-5699,,poolspecialist910.com,https://www.poolspecialist910.com/,https://www.google.com/maps?cid=1021930651372679711,06df220d-583b-4fa6-8a06-0f48926b37f9
Pool Specialists,Raleigh,North Carolina,4.8,43,1,+1919-847-4117,,poolspecialists.com,https://www.poolspecialists.com/,https://www.google.com/maps?cid=10186294404159524531,cd6ef873-8943-4055-a68a-6ca5d6dae883
Pools Unlimited,Washington,North Carolina,4.3,40,1,+1252-946-7600,,poolsunlimitednc.com,http://www.poolsunlimitednc.com/,https://www.google.com/maps?cid=9283018770281922709,49aa1fdb-510a-44b4-b26e-dffb3f65e1bb
Poolscapes of Charlotte,,North Carolina,4.7,86,1,+1704-544-0424,,poolsofcharlotte.com,https://www.poolsofcharlotte.com/,https://www.google.com/maps?cid=16807473962583884276,7d428dac-5921-4965-8070-8a8507ccbe84
Prestige Pools of NC,Clayton,North Carolina,5,77,1,+1919-779-1033,,prestigepoolsnc.com,https://www.prestigepoolsnc.com/?utm_source=gbp&utm_medium=organic&utm_campaign=gbp+listing,https://www.google.com/maps?cid=2003041006924187443,1e8083c9-4366-4c81-be68-116940e87261
Rusty's Pool-Spa and Backyard Design,Calabash,North Carolina,5,70,1,+1910-474-3408,,poolsandspasbyrusty.com,http://www.poolsandspasbyrusty.com/,https://www.google.com/maps?cid=2085260919111804132,771ed969-01c8-4759-9de9-77d8f17fc7b9
Southern Reflection Pool & Outdoor Living LLC,Clemmons,North Carolina,4.9,42,1,+1336-999-7665,,southernreflectionpools.com,https://www.southernreflectionpools.com/,https://www.google.com/maps?cid=8317659788347059571,e0ecdf6d-5b8b-429c-8c61-ae79c997cfec
Superior Pools of Charlotte,Cornelius,North Carolina,4.3,129,1,+1704-896-7665,,superiorpoolsnc.com,http://www.superiorpoolsnc.com/,https://www.google.com/maps?cid=11894726654985076036,a61cd226-91d2-401a-b5de-d12259e229c1
Supreme Pools LLC,,North Carolina,4.4,59,1,+1252-291-7665,,supremepoolsllc.com,https://www.supremepoolsllc.com/,https://www.google.com/maps?cid=15549485853810157256,43474ef6-3885-4c09-b65f-9ccfcbb16761
Swim,Raleigh,North Carolina,4.7,41,1,+1919-629-1331,,swimincnc.com,https://swimincnc.com/,https://www.google.com/maps?cid=2547467963288013922,11eef018-1d56-4393-8eb7-360eb0afc22e
The Stone Group Outdoor Specialist Inc.,Concord,North Carolina,4.9,81,1,+1704-991-6515,,thestonegroup.biz,https://thestonegroup.biz/,https://www.google.com/maps?cid=4571208867210942398,29420c5a-d429-4b56-aabd-0e13a10bdce7
True North Pools LLC,Cleveland,North Carolina,4.6,93,1,+1704-980-4244,,truenorthpools.com,http://truenorthpools.com/,https://www.google.com/maps?cid=4516240661921064458,74db710c-dfd0-40c2-b1eb-c5310ac34ea6
Envision Pools & Outdoor Living,Bismarck,North Dakota,5,72,1,+1701-581-7147,,envisionnd.com,https://www.envisionnd.com/,https://www.google.com/maps?cid=17560220149807160273,be8f13ac-f2eb-4ca0-bb2f-856c16b70082
Aquamarine Pool Co. Inc.,Milford,Ohio,4.5,111,1,+1513-604-6450,,aquamarinepools.com,https://www.aquamarinepools.com/,https://www.google.com/maps?cid=18359191672368084627,2c6d0c74-6431-47aa-82dd-79beb67441a2
Aquarian Pools & Spas,Loveland,Ohio,3.8,145,1,+1513-576-9771,,aquarianpoolinc.com,http://aquarianpoolinc.com/,https://www.google.com/maps?cid=4903468150127226891,afbe95ed-b9a3-4452-95b6-7ac8275ce6d1
BG Contracting LLC,Oakwood,Ohio,5,56,1,(216) 496-2117,,bgcontractingllc.com,http://bgcontractingllc.com/,https://www.google.com/maps?cid=8089663303173143930,8de6eeff-f4f4-4ddf-abd1-5513be470dbb
Blue Dolphin Fiberglass Pools,Oregon,Ohio,3.4,55,1,+1419-693-1183,,dolphinfiberglasspools.com,http://www.dolphinfiberglasspools.com/,https://www.google.com/maps?cid=1303011108732530140,2f09024d-6cfa-4f03-83e3-9afd55c7fd7b
Blue Dolphin Pools & Spas Ltd,Warren,Ohio,4.4,94,2,+1330-856-3491,,aquaticsconnect.com,https://www.aquaticsconnect.com/warren/services-vendors/blue-dolphin-pools-spas-ltd,https://www.google.com/maps?cid=5691144294013992129,242b2cd3-4a7d-4ed0-926a-f97e64816ac9
Cincinnati Pool Professionals,Blue Ash,Ohio,5,47,1,+1513-227-5760,,cincipools.com,http://www.cincipools.com/,https://www.google.com/maps?cid=13566090303827189372,2c76dad8-9a54-44b7-a94c-f9800cdf6586
Cleveland Aqua Pros,,Ohio,3.5,45,1,+1216-712-6118,,clevelandaquapros.com,http://www.clevelandaquapros.com/,https://www.google.com/maps?cid=5945963414730095376,3d7c218a-5f48-412c-a09d-4afd876a2e7a
Defiance Water Recreation,Defiance,Ohio,4.1,74,1,+1419-782-2618,,defiancepools.com,http://www.defiancepools.com/,https://www.google.com/maps?cid=9119844933480764082,462fdb72-543d-4084-82e5-5f23f0daebbd
GC Fiberglass Pools and Spas,Springfield,Ohio,4.8,62,1,+1937-925-1678,,gcfiberglasspools.com,http://www.gcfiberglasspools.com/index.html,https://www.google.com/maps?cid=4058270941758066737,c9c95fe3-1bb8-4dbd-b388-80482430f9dd
Heatwave Pools,West Chester Township,Ohio,5,46,1,+1513-242-9283,,heatwavepools.com,http://heatwavepools.com/,https://www.google.com/maps?cid=5796209756457417623,b363a92e-d46e-47ca-aaba-f550d3334f8b
Homestead Pools,Salem,Ohio,3.9,72,1,(330) 337-9937,,homesteadfamilyswims.com,http://www.homesteadfamilyswims.com/,https://www.google.com/maps?cid=17410350792526593398,8135d026-bbe0-4248-900e-7e65fd98ffe0
Lowry Pools & Spas LLC,Akron,Ohio,4.1,62,1,+1330-798-5888,,lowrypools.com,http://www.lowrypools.com/,https://www.google.com/maps?cid=4433042655563563155,979543b5-93d7-4410-bf24-6e959351d645
Luxury Pools and Living,Columbus,Ohio,4.1,85,1,+1614-890-7665,,luxurypoolsandliving.com,http://www.luxurypoolsandliving.com/,https://www.google.com/maps?cid=4885220974868634177,56508b32-b07e-4aa5-82fc-82f976e3adfa
Omni Pools and Scapes,Hilliard,Ohio,4.6,56,1,+1614-278-9986,,omnipoolsandscapes.com,https://www.omnipoolsandscapes.com/,https://www.google.com/maps?cid=1672051632672332439,979242b2-d5f0-4b48-9a5a-0fb9c3b4ad09
Outdoor living pools & patio,,Ohio,5,40,1,+1614-205-3109,,odlpools.com,https://www.odlpools.com/,https://www.google.com/maps?cid=12405268328274505576,a1890ffc-b216-4279-a038-51b53593e94f
Outdoor-FX Inc,Plain City,Ohio,4.4,69,1,+1614-873-7270,,outdoor-fx.net,https://www.outdoor-fx.net/,https://www.google.com/maps?cid=10419874521386061984,2d8d4254-e671-443a-83b9-8e15ff369633
"Pool Professionals Ohio, LLC.",Pataskala,Ohio,5,42,1,+1740-963-0045,,poolprosohio.com,https://www.poolprosohio.com/,https://www.google.com/maps?cid=9085690778980489689,d7e3eab8-b334-4f97-9015-740379db375d
Premier Hardscaping and Pools,Xenia,Ohio,5,41,1,+1937-238-8676,,premierhardscaping.com,https://premierhardscaping.com/,https://www.google.com/maps?cid=15369086387865003041,bacd11ef-be10-4aaa-8091-2bddacf40933
Quality Pools Inc,Columbus,Ohio,4.4,51,1,+1614-471-1185,,qspools.com,http://www.qspools.com/,https://www.google.com/maps?cid=14582182884182046636,57f12ce9-6a41-4736-b025-3f754ddd1eb6
Shawnee Pools,Lima,Ohio,4.2,42,1,+1419-999-1505,,shawneepools.com,http://www.shawneepools.com/,https://www.google.com/maps?cid=1855113348283615397,0b4ca345-dc99-4d09-97d3-31ecc1b66744
Sunburst Pools,Pataskala,Ohio,4.1,144,1,+1740-927-9686,,sunburstpool.com,http://sunburstpool.com/,https://www.google.com/maps?cid=11733631591433271598,056269b6-4a69-4c4b-beb3-fc1b23f36331
Waters Edge Pools,Marysville,Ohio,2.9,45,1,+1937-644-0099,,watersedgepoolsllc.com,http://www.watersedgepoolsllc.com/,https://www.google.com/maps?cid=1219027368703377808,5fcd7272-e036-4135-82ae-7f226fcf11bf
Baker Pools LLC,Jenks,Oklahoma,3.5,78,1,+1918-298-2601,,bakerpoolsok.com,http://www.bakerpoolsok.com/,https://www.google.com/maps?cid=14669162312966988750,047a85df-96dd-4bb2-8d5e-2157c88286b1
Beyond the Backdoor,Jenks,Oklahoma,5,43,1,+1918-995-1440,,livebtb.com,https://livebtb.com/,https://www.google.com/maps?cid=9415667169817294365,db00b50a-32d3-4f5f-bdac-7257fef1db32
"NuPool & Outdoor Living, LLC",Tulsa,Oklahoma,4.7,99,1,+1918-271-7665,,nupoolok.com,https://www.nupoolok.com/,https://www.google.com/maps?cid=12942794342926852780,8546a064-d5cc-4b02-a900-c2b4a4eb89ef
Oklahoma Pool and Patio,Oklahoma City,Oklahoma,4.1,49,1,+1405-730-6300,,oklahomapoolandpatio.com,https://www.oklahomapoolandpatio.com/,https://www.google.com/maps?cid=2759951850298418235,3529fc3c-5ccd-4d72-ad2d-3e064f6206b7
Pleasant Pools & Spas,Moore,Oklahoma,3.9,43,1,+1405-799-9133,,pleasantpools.com,https://pleasantpools.com/,https://www.google.com/maps?cid=10119569523703579442,d43ed159-b10d-4fa8-969d-033c228830ae
Pools and Spas by Design,Arcadia,Oklahoma,5,43,1,+1405-826-9224,,poolsandspasbydesign.com,http://www.poolsandspasbydesign.com/,https://www.google.com/maps?cid=10779972967576661234,e9774e2d-bda5-45c8-8dc3-7a9fefa1f732
Rose Hill Pools & Builders,Edmond,Oklahoma,4.7,133,1,+1405-562-3616,,rosehillbuilders.com,http://rosehillbuilders.com/,https://www.google.com/maps?cid=7942586607994084718,cc84b37b-794b-4657-942d-a5a0fe17bc9b
Sea Breeze Pools,Chickasha,Oklahoma,5,55,1,+1405-574-4929,,swimseabreeze.com,http://swimseabreeze.com/,https://www.google.com/maps?cid=4792387222294325926,1a12389e-528f-4448-b1b7-da1e435cdd46
Sierra Pools of Tulsa Pool Installation,,Oklahoma,4.9,65,2,+1918-884-8427,,sierrapoolsandspas.com,http://sierrapoolsandspas.com/,https://www.google.com/maps?cid=18415694792965357748,5962c514-56ef-494c-b7d6-6c500d4859a5
Tier One Pools & Patios,Oklahoma City,Oklahoma,4.6,87,1,+1405-339-5895,,tier1poolsok.com,http://tier1poolsok.com/,https://www.google.com/maps?cid=11892922269594487753,c5286c74-7fe7-4a03-917f-3fc06097bb8e
Trophy Pools,Newcastle,Oklahoma,4.4,75,1,+1405-406-8392,,trophy-pools.com,http://www.trophy-pools.com/,https://www.google.com/maps?cid=9438114600818794522,272089b7-0303-45c3-b1e4-a8e89855a41c
Vista Pools Tulsa Oklahoma,Mounds,Oklahoma,5,46,1,+1918-813-9639,,vistapoolsok.com,https://vistapoolsok.com/,https://www.google.com/maps?cid=11131344970970547686,efcbe23c-e554-41f8-a15a-a3a399b4698a
A Plus Pools,,Oregon,4.9,44,1,+1541-776-0794,,apluspools.com,http://www.apluspools.com/,https://www.google.com/maps?cid=5600759018869322548,bfe860b5-e91a-48c6-a458-b09e05246ff3
PDX Pools,,Oregon,5,68,1,+1503-560-6466,,pdxpools.com,https://www.pdxpools.com/,https://www.google.com/maps?cid=15621018811516238402,67c426cd-4412-4458-a451-795bcbad2e23
Best Fiberglass Pools Corporation,Bristol,PA,3.6,90,1,+1215-788-5532,,ordiniswim1day.com,https://www.ordiniswim1day.com/,https://www.google.com/maps?cid=18404469128422265278,dafdee0f-9817-46c9-9828-66311763f806
A & J Pools,Brodheadsville,Pennsylvania,4.4,88,1,+1570-203-1161,,anjpools.com,https://www.anjpools.com/,https://www.google.com/maps?cid=1306454920177024000,6036b22b-630a-4c6c-9685-ca1a49493aec
All Day Swimming Pools,,Pennsylvania,5,92,1,+1724-708-4617,,alldayswimmingpools.com,https://alldayswimmingpools.com/,https://www.google.com/maps?cid=4468254219246892734,cd18bdc7-4351-4751-998f-be94e7d9d886
All Pools And Spas,Morrisville,Pennsylvania,4.3,77,1,(215) 493-1646,,allpoolsandspas.com,http://www.allpoolsandspas.com/,https://www.google.com/maps?cid=17384193105386903913,e19fef8e-059e-4535-9d30-a7e1069959bd
Alpine Pools Jeannette,Jeannette,Pennsylvania,4,52,1,+1724-296-8131,,alpinepoolsjeannettepa.com,https://www.alpinepoolsjeannettepa.com/,https://www.google.com/maps?cid=14891461264769394995,725aba26-55fd-4374-afa1-35e858fef3af
Aquavita Pools Inc,Springfield,Pennsylvania,4.4,55,1,+1610-544-2600,,aquavitapools.com,http://aquavitapools.com/,https://www.google.com/maps?cid=6762037260407122208,77ea83fc-cd7e-4132-af06-0e0f0ff65a4b
Arista Pool & Spa Inc,Collegeville,Pennsylvania,4.8,96,1,+1610-489-6000,,aristapools.com,https://aristapools.com/?utm_campaign=gmb,https://www.google.com/maps?cid=6805608034574110220,4dc293b1-4fe3-4f6b-a83c-c0129a4d6a88
B & T Installations,,Pennsylvania,3.9,112,1,+1724-219-8563,,btinstallations.com,https://btinstallations.com/,https://www.google.com/maps?cid=2819273067227843955,2f183c61-fd3a-43b8-a05b-b54c04e73a1a
B&B Custom Pools,Emmaus,Pennsylvania,4.9,77,1,+1610-965-7665,,bbcustompools.com,https://www.bbcustompools.com/?utm_source=google&utm_medium=organic&utm_campaign=gbp-listing,https://www.google.com/maps?cid=13446092869418174090,b020e074-c509-473a-86cc-7afdbe084522
Bittinger's Pool and Spa LLC,,Pennsylvania,4.8,40,1,+1717-732-2672,,wixsite.com,https://bittingerspoolands.wixsite.com/pools,https://www.google.com/maps?cid=12679913421027029680,66a179a9-4809-497b-8535-52289415989f
Blue Touch Inc.,Abington,Pennsylvania,4.7,60,1,+1215-388-3020,,bluetouchs.com,http://bluetouchs.com/,https://www.google.com/maps?cid=14106547659199123396,586a2bf5-5002-417e-b6a3-197d8747b035
Bob's Pools Inc.,Friedensburg,Pennsylvania,4.5,72,1,+1570-739-2288,,bobspoolsinc.com,http://www.bobspoolsinc.com/,https://www.google.com/maps?cid=10313161553987653101,12f4d8aa-5f96-4531-bedb-9e9cf1f04546
Built Right Pools,,Pennsylvania,4.8,116,1,+1215-690-1112,,builtrightpools.com,http://www.builtrightpools.com/,https://www.google.com/maps?cid=11220535974542976704,7c7e5eb6-9f6d-483f-8ab6-66d745008366
Conleys Pool Company,Gettysburg,Pennsylvania,4.9,43,1,+1717-321-0789,,conleypools.com,http://www.conleypools.com/,https://www.google.com/maps?cid=10727259211594961457,70159a34-97b6-4e0b-a69c-be194552872d
Country Pools & Spas,Butler,Pennsylvania,3.1,80,2,+1724-285-7578,,countrypoolsandspasinc.com,https://countrypoolsandspasinc.com/,https://www.google.com/maps?cid=6114255801833106145,f40558f1-1ac8-4254-97d6-eaff24746001
Crystal Clear Signature Pools & Outdoor Living,Southampton,Pennsylvania,4.8,48,1,+1215-355-7665,,ccspools.com,https://www.ccspools.com/,https://www.google.com/maps?cid=5035051309603736577,6ca8bd2a-fe40-48d5-b3e9-03b9f03ce338
D & L Pools LLC,Kingston,Pennsylvania,4.8,83,1,+1570-817-9903,,swimdandlpools.com,http://swimdandlpools.com/,https://www.google.com/maps?cid=13680567317169719165,46bfddf1-1418-473b-b023-3cfe9ec62c1f
Daniel J Reed Landscape,Harrisburg,Pennsylvania,4.9,40,1,+1717-574-6949,,djrlandscape.com,https://www.djrlandscape.com/,https://www.google.com/maps?cid=17491074049564560119,d1b5a859-7083-4bbf-9427-06a276ea4fee
Desmond Pools & Spas,Reading,Pennsylvania,4.2,45,1,+1610-840-6948,,desmondpools.com,https://www.desmondpools.com/,https://www.google.com/maps?cid=10692870376437646473,5522152d-e726-4d7d-a1e5-7c2549087e91
Dream Maker Pools,Bethlehem,Pennsylvania,4.4,47,1,+1570-350-8343,,dreammaker-pools.com,https://www.dreammaker-pools.com/,https://www.google.com/maps?cid=724982269811801584,344daba4-7f17-46b8-b8fa-4159f6963532
Earth Grain Pool LLC,,Pennsylvania,5,78,1,+1610-651-3560,,earthgrainpool.com,http://earthgrainpool.com/,https://www.google.com/maps?cid=7580122419195392270,12657cc8-664d-437d-abc8-e315dec2d1d0
Foster Pools,Butler,Pennsylvania,4.5,44,1,(724) 283-5617,,fosterpoolsbutler.com,https://www.fosterpoolsbutler.com/,https://www.google.com/maps?cid=10583039699143358312,3920161a-5166-4646-b4a9-25e1bdf8d22d
Gary Thull Pools Inc,Bellefonte,Pennsylvania,4.9,105,1,(814) 355-1009,,garythullpools.com,http://garythullpools.com/,https://www.google.com/maps?cid=10653573473224540489,4f17cdbd-46c9-4a3c-a85d-63b76267f6c1
Goodall Pools & Spas,Camp Hill,Pennsylvania,4.8,125,1,+1717-774-6613,,goodallpools.com,https://goodallpools.com/,https://www.google.com/maps?cid=1546873531910707221,65e42a66-7383-4228-9daf-91e6178221c0
Gritz Pools & Spas,Coatesville,Pennsylvania,4.5,64,1,+1610-384-4422,,gritzpools.com,http://www.gritzpools.com/,https://www.google.com/maps?cid=9884797967141303829,f7600138-0a28-4e15-90d9-69db87327e54
Harmony Pool and Spa LLC,Conshohocken,Pennsylvania,4.4,43,1,+1610-897-8933,,harmonypoolandspa.com,http://harmonypoolandspa.com/,https://www.google.com/maps?cid=1113565150539735071,3a5b9445-1907-43d2-9d8f-ff2fb061c963
Hydroscape Pools,Newtown,Pennsylvania,4.9,49,1,+1267-573-0405,,hydroscape-pools.com,https://hydroscape-pools.com/,https://www.google.com/maps?cid=14102719796101532385,232d78ee-acd3-4b58-9444-0062b5dca3a1
KS Pools & Patios,Langhorne,Pennsylvania,4.3,102,1,+1215-702-7665,,kspoolsandpatios.com,https://www.kspoolsandpatios.com/,https://www.google.com/maps?cid=7007561468129530534,cbf4ae6b-f9d3-4e62-ad32-c4658eda7d1c
Kurt Custom Pools,,Pennsylvania,4.9,68,1,+1610-703-1096,,kurtcustompools.com,http://www.kurtcustompools.com/,https://www.google.com/maps?cid=17608382124578129532,8e1bd7d5-d74a-45bb-ad7e-050e1fd5751f
Legacy Pools and Patio,,Pennsylvania,4.5,60,1,+1888-492-7946,,legacypoolsandpatios.com,https://www.legacypoolsandpatios.com/,https://www.google.com/maps?cid=8627130808248295385,1b75f7c8-c9b2-43ef-9619-f9d6cf5a8456
Lehigh Valley Aqua Pools,Northampton,Pennsylvania,4.6,48,1,+1610-253-4892,,aquapoolslv.com,http://aquapoolslv.com/,https://www.google.com/maps?cid=10335453586146081209,178db325-dd86-4920-9d06-e328c3fb06b4
Luxscapes Unlimited,Holtwood,Pennsylvania,4.9,48,1,+1717-208-1123,,luxscapesunlimited.com,https://www.luxscapesunlimited.com/,https://www.google.com/maps?cid=11059676063957643538,7449bb4c-c173-4faf-908d-9fc7128b50d8
MPS Custom Pools,Allentown,Pennsylvania,3.3,42,1,+1484-866-0561,,mpscustompools.com,https://www.mpscustompools.com/,https://www.google.com/maps?cid=10589488206346386159,b601f4e9-3ece-490a-9536-427420a0598e
Monogram Custom Homes and Pools,Center Valley,Pennsylvania,4.9,88,1,+1610-282-0235,,monogramcustombuilders.com,https://www.monogramcustombuilders.com/,https://www.google.com/maps?cid=2079187464977832149,17462b17-4611-4fa5-a8b0-5bfe15538c2a
Pristine Pools,Bridgeville,Pennsylvania,4.8,70,1,+1412-818-6546,,pristinepoolspgh.com,http://www.pristinepoolspgh.com/,https://www.google.com/maps?cid=8579308082667839539,8f065d8f-46d5-48d5-ae8b-52d37232f71f
S & S Pools & Spas Inc,Taylor,Pennsylvania,4.5,53,1,+1570-451-4616,,snspoolspa.com,http://snspoolspa.com/,https://www.google.com/maps?cid=5211371735585519755,6bb7707f-1e4f-4775-93fb-89846d8873be
Scott Payne Custom Pools LLC,Montgomeryville,Pennsylvania,4.9,49,1,+1215-716-7177,,scottpaynecustompools.com,https://www.scottpaynecustompools.com/,https://www.google.com/maps?cid=14232249582995217112,659a9f48-aadc-44ee-9fa9-521036496671
The Spa & Pool Place,Willow Street,Pennsylvania,4.6,60,1,(717) 464-1877,,spaandpoolplace.com,http://www.spaandpoolplace.com/,https://www.google.com/maps?cid=8622678243109721812,b90a5dfc-5e13-4226-bdec-8a882698d406
Turpin Landscape Design Build,Coatesville,Pennsylvania,4.8,106,1,+1610-380-1119,,turpinlandscapedesign.com,https://turpinlandscapedesign.com/?utm_source=LOCAL&utm_medium=ORGANIC&utm_campaign=GMB,https://www.google.com/maps?cid=1222660884501207397,65f911f9-9a0d-4005-b378-7eaef977439f
Premier Outdoor Group,Portsmouth,Rhode Island,4.9,90,1,+1401-307-4080,,thepremieroutdoorgroup.com,https://www.thepremieroutdoorgroup.com/?utm_campaign=gmb&utm_medium=gbp&utm_source=google,https://www.google.com/maps?cid=3027656837932577424,55e49214-5479-41ec-ab0e-7ca5150667ae
Gilbert Pool,Río Grande,Río Grande,4.3,47,1,+1787-887-2271,,gilbertpoolriogrande.com,https://gilbertpoolriogrande.com/,https://www.google.com/maps?cid=2800391007439499104,cca4e0bf-7f6a-441c-b81a-bb8bf5aa6229
All About Pools & Spas LLC,Sumter,South Carolina,4.2,79,1,+1803-469-0211,,allaboutpoolsandspas.com,http://www.allaboutpoolsandspas.com/,https://www.google.com/maps?cid=17856635535507152345,4149f6e3-893b-47bc-9f8e-01edaab501c2
Aqua Blue Pools of Hilton Head Island,Bluffton,South Carolina,4.7,58,1,+1843-379-2250,,aquabluepools.net,https://www.aquabluepools.net/?utm_source=gmb_Hilton-Head&utm_medium=organic,https://www.google.com/maps?cid=3514049256495545792,94bb3fad-c91c-43d2-9020-1aec99a0a8d0
B & B Pools Inc,Pelzer,South Carolina,4.6,106,1,(864) 243-9349,,bandbpoolsinc.com,http://www.bandbpoolsinc.com/,https://www.google.com/maps?cid=12818484380118901554,f7669ee8-7a5f-4f68-b77f-fd90ab3ba911
"Black Dog Pools, Myrtle Beach SC",,South Carolina,4.7,58,1,+1843-732-1650,,blackdogpoolsmb.com,http://www.blackdogpoolsmb.com/,https://www.google.com/maps?cid=4679447182026276079,2574e1ec-6482-45dd-b7bf-10c5b0ea2487
Brothers Pool Construction,,South Carolina,5,43,1,+1843-742-6437,,brotherspoolconstruction.com,https://www.brotherspoolconstruction.com/,https://www.google.com/maps?cid=6393243227636854791,85d84205-aa0d-4fdc-9634-7f9af0fe1f56
Coastal Pools & Fountains Inc.,Hilton Head Island,South Carolina,4.8,91,1,+1843-686-4812,,coastalpoolshhi.com,http://coastalpoolshhi.com/,https://www.google.com/maps?cid=14401793816810837629,910a4087-8624-4f0c-adec-fb11dcd05e4b
Deep Blue Pools,Rock Hill,South Carolina,4.6,56,1,+1803-415-0381,,swimdeepbluepools.com,http://www.swimdeepbluepools.com/,https://www.google.com/maps?cid=7939663133553912427,7ebb20da-3ad9-4798-b5dd-c313f8649307
Del Mar Pools and Spas,Conway,South Carolina,4.6,60,1,+1843-504-2301,,delmarpoolsandspas.com,http://www.delmarpoolsandspas.com/,https://www.google.com/maps?cid=4200523493280398364,35e3b475-9533-490a-a1b9-c98d0109460f
Diamond Pools & Spas,Hilton Head Island,South Carolina,4.3,68,1,+1843-706-3931,,diamondpoolsandspas.com,http://diamondpoolsandspas.com/,https://www.google.com/maps?cid=8978159475514635260,773adfe4-9d25-4dd6-8b09-928f4a052ceb
Edgewater Pools LLC,Fort Mill,South Carolina,4.2,89,1,+1704-845-3065,,edgewaterpoolsllc.com,http://www.edgewaterpoolsllc.com/,https://www.google.com/maps?cid=14969417285659664087,60b84ac0-148a-4763-91a8-3d11ca9fa123
LMR POOL AND SPA LLC,Chapin,South Carolina,4.7,42,1,+1803-522-8561,,lmrpoolandspa.com,http://www.lmrpoolandspa.com/,https://www.google.com/maps?cid=5803436743352854859,68c6c305-33b5-4e17-b421-392c85e87dd3
Lux Custom Pools and Spas,Little River,South Carolina,4.6,89,1,+1843-734-0114,,luxcustompoolsandspas.com,http://www.luxcustompoolsandspas.com/,https://www.google.com/maps?cid=8564246263067814458,a4838e71-c32c-446f-82e5-3c31c907280c
Mint Pools & Landscapes,Lexington,South Carolina,5,50,1,+1803-629-2924,,mintpoolsandlandscapes.com,https://mintpoolsandlandscapes.com/,https://www.google.com/maps?cid=12022105964865364926,38cbe625-171b-4832-91fb-774581504e12
Pool Pro,Easley,South Carolina,4.7,104,1,+1864-442-9400,,poolprosc.com,http://poolprosc.com/,https://www.google.com/maps?cid=5681939052949713633,403ffd4a-4a04-4f0e-8837-63551d1c3c50
Pools & Palms,Myrtle Beach,South Carolina,4.6,109,1,+1843-236-5665,,poolsandpalms.com,http://www.poolsandpalms.com/,https://www.google.com/maps?cid=16896083222818958118,cc55b707-e1e2-4037-be5a-4b6875045ed6
"Salty Reef Pools, LLC",North Charleston,South Carolina,4.8,58,1,+1854-209-0010,,saltyreefpoolsllcsc.com,https://www.saltyreefpoolsllcsc.com/,https://www.google.com/maps?cid=18381300503402534868,ec072044-d95a-4d4b-bde3-995e79980914
Splash Pools of Travelers Rest LLC,Travelers Rest,South Carolina,4.5,79,1,+1864-834-8611,,splashpoolssc.com,https://splashpoolssc.com/,https://www.google.com/maps?cid=13942372661182168535,60c3f3d6-1d39-493d-9e7d-6ae255ebf3e4
Star Pools MB,Conway,South Carolina,4.9,42,1,+1843-605-8966,,thestarpools.com,http://thestarpools.com/,https://www.google.com/maps?cid=8657570419698320746,0ef2cc56-045f-416f-9e19-4a86c1c85bef
The Pool Company of Murrells Inlet,Murrells Inlet,South Carolina,4.7,67,1,+1843-458-3582,,thepoolcosc.com,https://thepoolcosc.com/,https://www.google.com/maps?cid=1928080328629954917,be41dc8d-3de5-4bdf-be75-d7a01d89c220
Waterworks Pools and Spas,Sumter,South Carolina,4.7,121,1,+1803-469-6617,,waterworkscompany.com,http://www.waterworkscompany.com/,https://www.google.com/maps?cid=14007822000600372458,d1f0b019-ee65-439e-80e2-158b6c7a6ed7
West Bay Pools,Okatie,South Carolina,5,52,1,+1843-259-2776,,westbaypools.com,https://westbaypools.com/?utm_source=google-map&utm_campaign=gmb&utm_medium=organic,https://www.google.com/maps?cid=2241384273398068709,2bd196d4-4c1b-43a8-9260-0291634a8792
Advanced Pools,Atoka,Tennessee,4.6,94,1,+1901-837-7867,,advancedpoolcare.com,https://advancedpoolcare.com/,https://www.google.com/maps?cid=13811556378319373222,5cf21441-7ea9-490a-aaed-f42e874dc54d
American Pool Techs - Memphis Pool Building & Pool Cleaning,Brighton,Tennessee,4.7,144,1,+1901-627-1867,,american-pooltechs.com,https://american-pooltechs.com/?utm_source=google&utm_medium=organic&utm_campaign=gmbwebsite,https://www.google.com/maps?cid=6128835938956647131,048fe45a-a366-4364-af38-dd3a2eabc479
Aqua Pools Construction,Cookeville,Tennessee,4.6,42,1,+1931-432-2462,,aquapoolsllc.com,https://aquapoolsllc.com/,https://www.google.com/maps?cid=17216084922082353513,3ff9b6c0-f54b-40ca-9ea1-9a4430842ca6
Backyard Blues Pools,Murfreesboro,Tennessee,4.8,100,1,+1615-907-4200,,backyardbluestn.com,https://backyardbluestn.com/,https://www.google.com/maps?cid=6684005914369321199,d418f0c0-029f-4124-b319-f98ff0bf364a
Brooks Malone,Greeneville,Tennessee,4.8,96,1,+1423-638-9164,,brooks-malone.com,https://www.brooks-malone.com/,https://www.google.com/maps?cid=8635897770081857539,237e1218-c2f3-44a8-b907-03a86ab204e1
Classic Pools and Spas,,Tennessee,4.6,43,1,+1865-278-0632,,classicpoolsspas.com,http://www.classicpoolsspas.com/,https://www.google.com/maps?cid=10245393450628530064,92654749-84b6-4716-aaae-f680a1fe5ae9
Cornerstone Construction,,Tennessee,5,56,1,+1423-416-0908,,cornerstonepools.org,http://www.cornerstonepools.org/,https://www.google.com/maps?cid=14982323382611212502,eff03f53-76a7-4cb4-8067-8cef7544dc6f
Covenant Pool And Landscape,Memphis,Tennessee,4.9,73,1,+1901-384-8074,,covenant.build,https://covenant.build/,https://www.google.com/maps?cid=16956024618699932415,66f9293e-4955-42dc-a255-3149ef754469
Dream Acres Pool Company,Murfreesboro,Tennessee,5,71,1,+1615-396-8142,,dreamacrespool.com,http://www.dreamacrespool.com/,https://www.google.com/maps?cid=13140837378699421141,49c90c94-5bbc-4366-b028-18ff7db323b6
Ed’s Pools Inc.,Knoxville,Tennessee,5,63,1,+1865-369-6860,,edspools.net,http://edspools.net/,https://www.google.com/maps?cid=3200862685168464897,d99a97dc-5aa1-4306-92e9-e2d83c5a4dc9
Gibbs Pools,,Tennessee,4.8,41,1,+1423-447-8450,,gibbspools.com,http://www.gibbspools.com/,https://www.google.com/maps?cid=5910816967564617796,c26f2274-3975-4974-91ad-9182b937d778
HSC Pools,Shelbyville,Tennessee,4.3,40,1,+1931-685-0199,,hscpools.com,http://www.hscpools.com/,https://www.google.com/maps?cid=12705209095100788057,65e852ce-80e5-4d6e-be77-6a881122b542
Haven Outdoors,Kingston Springs,Tennessee,5,47,1,+1615-616-9118,,havenoutdoorstn.com,http://havenoutdoorstn.com/,https://www.google.com/maps?cid=1298138850297501143,2e189aab-1349-4112-90dd-310734f83570
Hawaiian Pools and Landscape,Eads,Tennessee,4.6,109,1,+1901-754-7058,,hawaiianpools.net,http://www.hawaiianpools.net/,https://www.google.com/maps?cid=17829317370423318696,080acee2-53f5-4faf-8c42-925f43be2e57
Imagine Pools,Knoxville,Tennessee,3.6,58,1,+1865-219-2880,,imaginepools.com,https://imaginepools.com/,https://www.google.com/maps?cid=8480750125135927335,424afe80-0b4a-4422-96b1-51469e3e3fdf
Kinney Pools Inc,Dayton,Tennessee,4.7,41,1,+1423-570-9004,,kinneypoolandspa.com,http://kinneypoolandspa.com/,https://www.google.com/maps?cid=3236194978480123779,96ab1388-3a1a-45c0-9aab-7a3bbec020c9
Loy's Pools and Patios,Maryville,Tennessee,4.8,94,1,+1865-323-9121,,loyspools.com,https://loyspools.com/,https://www.google.com/maps?cid=10405842682830699761,153ce6e0-8253-4749-acc0-ccdd35cd033f
Majestic Swim,Murfreesboro,Tennessee,4.8,48,1,+1615-691-2500,,majesticswim.com,https://www.majesticswim.com/,https://www.google.com/maps?cid=4058992265362676010,378f8463-a609-49f9-a4f0-2a2ed954f46e
Mathews Pool Company,Cleveland,Tennessee,3.6,46,1,+1423-476-4521,,mathewspool.com,http://mathewspool.com/,https://www.google.com/maps?cid=11032188041328036447,5c6b5657-fd53-4353-bc3e-abc817fe4bd9
McMillion Pool Company,Nashville,Tennessee,4.7,40,1,+1615-568-3826,,mcmillion-poosl.com,https://mcmillion-poosl.com/,https://www.google.com/maps?cid=12673805490036997821,a19afbbb-9cea-47c3-bf05-ab9e320c9452
Mirage Pools & Spas,Winchester,Tennessee,4.8,45,1,+1931-962-3054,,miragepoolspa.com,http://www.miragepoolspa.com/,https://www.google.com/maps?cid=1931295436253954871,dc957fc9-1dca-4a91-8987-b256be73e1d9
Orca Pools & Outdoors,Madisonville,Tennessee,4.9,66,1,+1423-545-8060,,orcapoolsandoutdoors.com,https://www.orcapoolsandoutdoors.com/?utm_source=flypaper&utm_medium=gbp,https://www.google.com/maps?cid=10517966872654691575,fefe0762-46ff-4bac-bfa2-5356a59c117d
"R&R Pools and Spas, LLC",Medina,Tennessee,4.7,42,1,+1731-462-5060,,rrpoolstn.com,http://www.rrpoolstn.com/,https://www.google.com/maps?cid=13476590140100479615,e9582827-8ed6-4ff9-a7ea-49b940c37cac
"Riverstone Pools, LLC",College Grove,Tennessee,4.9,61,1,+1615-200-7482,,riverstonepools.com,https://riverstonepools.com/,https://www.google.com/maps?cid=15823414472372875122,5a40c570-4120-48a4-b021-c9d90323f3d2
Southern Legacy Pools and Spas,Murfreesboro,Tennessee,5,41,1,+1615-589-8326,,southernlegacypoolsandspas.com,http://southernlegacypoolsandspas.com/,https://www.google.com/maps?cid=12846247113718166218,0e936db2-9c07-4bb1-9ae0-afe462eccd0b
Standing Stone Pools & Patios,Lebanon,Tennessee,4.7,42,1,+1615-707-0363,,standingstonepools.com,http://standingstonepools.com/,https://www.google.com/maps?cid=7184406727123170087,48630d4f-fdf9-41f0-8beb-fe85da47ffbd
StoneWorx Pools & Outdoor Living,Harrison,Tennessee,4.6,42,1,+1423-591-9679,,stoneworxoutdoorliving.com,http://www.stoneworxoutdoorliving.com/,https://www.google.com/maps?cid=14541319147152959913,e9e0e3b8-99ea-4df9-9c23-62e7540e9f32
The Great Backyard Place,Cleveland,Tennessee,4.3,58,1,+1423-473-1668,,greatbackyard.com,https://www.greatbackyard.com/,https://www.google.com/maps?cid=16683898484662474285,bc0ff17d-1d00-4f20-a614-238ffb6798e3
Tri State Pools Inc,Cleveland,Tennessee,4.8,121,1,+1423-728-0007,,tristatepoolscleveland.com,http://www.tristatepoolscleveland.com/,https://www.google.com/maps?cid=2447793875553760984,2b173e84-94c5-47bc-93c4-2ae56fd10f76
Water Witch Pools by L&W LLC,Clarksville,Tennessee,3.7,54,1,+1270-886-2796,,waterwitchpoolsbylandw.com,https://waterwitchpoolsbylandw.com/,https://www.google.com/maps?cid=9350698616579059490,835c68a9-df8b-4b22-9b68-270e7622509d
Waterscapes Backyard Resorts,Nashville,Tennessee,4.5,43,1,+1615-242-5284,,waterscapesbackyardresorts.com,https://waterscapesbackyardresorts.com/,https://www.google.com/maps?cid=11743531773840063629,32638485-34af-4d8d-a88e-19fcf8aa6bb5
Absolute Oasis,,Texas,5,42,1,+1210-872-7079,,absolute-oasis.com,https://absolute-oasis.com/,https://www.google.com/maps?cid=10481243447500886107,2316c316-0722-4ba7-9acb-6f0e746f545a
Accent Pools Inc,Arlington,Texas,4.5,69,1,+1817-226-7665,,accentpools.com,http://accentpools.com/,https://www.google.com/maps?cid=5306808013686951802,58673e8f-5f5a-4eae-9ae4-23422485a4be
Alamo Pool Builders,,Texas,3.4,65,1,+1210-454-1000,,alamopoolbuilders.com,https://alamopoolbuilders.com/,https://www.google.com/maps?cid=8467392180282875616,a04acabb-fd76-44d1-959e-efb31b389307
Alvarez Pools & Spas,Donna,Texas,4.5,41,1,+1956-607-1564,,alvarez-pools.com,https://alvarez-pools.com/,https://www.google.com/maps?cid=3212720473992419020,784d8d48-aade-46b3-932d-479ff98c0d28
American Fiberglass Pools,Houston,Texas,4.5,63,1,+1713-466-0796,,americanfiberglasspools.com,https://americanfiberglasspools.com/,https://www.google.com/maps?cid=4531527504547812900,c527a0bb-c25b-4092-941a-be9b75fab459
American pools,Allen,Texas,5,58,1,+1469-833-8500,,americanpoolsdfw.com,http://americanpoolsdfw.com/,https://www.google.com/maps?cid=7671049860858226507,fac9211d-5636-4ddf-b310-5278ad666436
Aqua Answers LLC,Deer Park,Texas,4.7,40,1,+1713-979-8517,,aquaanswers.co,https://aquaanswers.co/,https://www.google.com/maps?cid=17188991121138378095,698722d5-6e59-4119-9b34-fdefb4887a56
Aqua Blue Custom Pools LLC,Houston,Texas,4.4,40,1,+1832-912-7665,,abcustompools.com,https://www.abcustompools.com/,https://www.google.com/maps?cid=6628200617294052995,9459afda-69e8-4a57-8901-27365af9bb14
AquaPools of Beaumont,Vidor,Texas,4.8,133,1,+1800-432-8994,,aquapools.com,https://www.aquapools.com/,https://www.google.com/maps?cid=11079899445587078724,cd96fee3-2da8-4b63-960f-0abb88ec248e
Aquanauts Custom Pools and Spa,Lorena,Texas,4.9,132,1,+1254-412-4402,,aquanautspoolservice.com,http://aquanautspoolservice.com/,https://www.google.com/maps?cid=10196044178559670837,519e3e61-7c8b-4168-8e5f-4813caa2bf3d
Aquatic Pools,Texas City,Texas,4.6,46,1,+1409-986-7600,,aquaticpoolstx.com,https://www.aquaticpoolstx.com/,https://www.google.com/maps?cid=15602285006840097721,fe4d2d11-9a42-4003-855d-e93dd58af3f4
Artisan Pools & Outdoor Living,Corpus Christi,Texas,4.2,46,1,+1361-992-9393,,artisanpoolsandoutdoorliving.com,http://www.artisanpoolsandoutdoorliving.com/,https://www.google.com/maps?cid=8378762086996420454,ee688641-9bb5-41ae-90f0-250cfcb79a0f
Artistry Outdoors,Houston,Texas,5,124,1,+1281-972-3356,,artistryoutdoors.com,http://www.artistryoutdoors.com/,https://www.google.com/maps?cid=7624015881385273055,d11cf046-b2b9-4fb8-accb-ee6b3452b4c7
Atlantis Custom Pools and Spa,El Paso,Texas,4.3,66,1,+1915-328-2784,,atlantiscustompoolsandspas.com,https://atlantiscustompoolsandspas.com/,https://www.google.com/maps?cid=16909856902632445545,8ca08eca-d08b-47f5-af1e-5b63f13cb027
Austin Custom Pools,,Texas,4.9,105,1,+1281-324-7200,,austincustompools.net,http://www.austincustompools.net/,https://www.google.com/maps?cid=12626094376543710576,5b376597-20b0-45fa-aa09-6b3802a12596
Azalea Pools,Tyler,Texas,4.4,51,1,+1903-590-0044,,azaleapools.com,https://www.azaleapools.com/,https://www.google.com/maps?cid=4299775546312291611,81f13089-2253-4741-beec-3eea4f3633cc
BLACK BEAR SUMMER POOLS,Tyler,Texas,5,41,1,+1903-253-5590,,blackbearsummerpools.com,https://blackbearsummerpools.com/,https://www.google.com/maps?cid=6370957730612091164,4d7bb622-0fc0-41ae-8f16-1b1b734708bd
BRIGHT POOLS LLC,Midlothian,Texas,4.3,44,1,+1214-762-5388,,brightpoolsllc.com,http://www.brightpoolsllc.com/,https://www.google.com/maps?cid=1362851009289651255,b0290cea-b1b9-4a16-9a99-21fb893b9fc2
Backyard Amenities,Baytown,Texas,4.7,40,1,+1281-837-8234,,backyardamenities.com,http://www.backyardamenities.com/,https://www.google.com/maps?cid=14000354136158521598,0de70c87-291e-4eaa-a2ea-89bf53a3b1d6
Backyard Luxuries,Cypress,Texas,4.6,56,1,+1281-256-2777,,backyard-luxuries.com,http://backyard-luxuries.com/,https://www.google.com/maps?cid=11902908789974263042,d6fecd39-45ec-4869-b55e-4e8a56b04fe6
Backyard Oasis,Round Rock,Texas,4.5,53,1,+1512-388-3888,,backyardoasisonline.com,https://backyardoasisonline.com/,https://www.google.com/maps?cid=12069773587274451019,f22ea50d-2f74-4982-bdf7-7aaf7b1efb63
Backyard Vacation Oasis,New Braunfels,Texas,4.5,76,1,+1830-221-5601,,backyardvacationoasis.com,https://www.backyardvacationoasis.com/?utm_source=google&utm_medium=organic+&utm_id=GBP,https://www.google.com/maps?cid=11123285682861324019,c5c0257e-5b32-46ef-961c-c676dfc11eb4
Baird Pools,Buda,Texas,4.8,133,1,+1512-312-4685,,bairdpools.com,http://bairdpools.com/,https://www.google.com/maps?cid=1575428325629134963,6f7b426f-c66c-48bb-bc05-64a7d52344fa
Beyond Blue Pools,Spring,Texas,4.1,66,1,+1281-404-7578,,beyondbluepools.com,https://beyondbluepools.com/?utm_source=Google+Business+Profile&utm_campaign=Pool+Builder&utm_id=Beyond+Blue+Pools,https://www.google.com/maps?cid=15512479438082228418,ed502bc7-b0d4-4c11-a658-c0c5963c1973
Big D Pools,Dallas,Texas,4.7,135,1,+1214-247-7665,,bigdpools.com,https://www.bigdpools.com/,https://www.google.com/maps?cid=14991234115997512404,26b960f3-0428-4e59-a363-4c3b95cab2db
Bimini Blue Custom Pools,Roanoke,Texas,4.9,40,1,+1817-917-4589,,biminibluecustompools.com,https://www.biminibluecustompools.com/,https://www.google.com/maps?cid=13987574716047153885,a59420cc-b81c-40b6-884e-467f663a4104
Blakely Pools and Construction,Tomball,Texas,5,120,1,+1832-758-3839,,blakelypools.com,http://www.blakelypools.com/,https://www.google.com/maps?cid=15840887637919929706,abb452ad-1c90-43fd-86ce-bdba5d59c34f
Bliss Pools,Pinehurst,Texas,5,80,1,+1936-766-8214,,blisspools.net,https://blisspools.net/,https://www.google.com/maps?cid=5818933246005034518,17d3afb6-01b0-4a13-82f1-2e35551bd016
Blue Bottom Fiberglass Pool Builders,Cedar Park,Texas,4.6,52,1,+1210-890-1388,,bluebottompoolstx.com,https://www.bluebottompoolstx.com/,https://www.google.com/maps?cid=12573444269163954289,0f05192a-99fd-44e8-9fa2-bafbb37cf999
Blue Space Custom Pools,Houston,Texas,5,62,1,+1832-377-4782,,bluespacecustompools.com,https://www.bluespacecustompools.com/?utm_source=google&utm_medium=wix_google_business_profile&utm_campaign=3490066853096932651,https://www.google.com/maps?cid=9871891632175479172,88e109f4-d22d-4476-93b1-48be14a25073
Blue Springs Pool and Construction,Lampasas,Texas,4.7,51,1,(512) 566-6009,,bluespringspc.com,https://www.bluespringspc.com/,https://www.google.com/maps?cid=7305500756321719966,d4fb216d-e336-405c-a427-566e6f912e70
Blue Water Oasis LLC.,New Braunfels,Texas,4.7,43,1,+1830-500-0029,,bluewateroasis.com,http://www.bluewateroasis.com/,https://www.google.com/maps?cid=1956558088299960058,0a0c0385-18af-4233-888a-5891e53883d0
Borden Pools,North Richland Hills,Texas,4.3,83,1,+1817-439-8667,,bordenpools.com,http://www.bordenpools.com/,https://www.google.com/maps?cid=1135421585014126823,f0b13e44-4259-4a16-9dd5-0bb2da558bf3
Canyon Oak Pools,McKinney,Texas,5,102,1,+1972-561-9090,,canyonoakpools.com,https://www.canyonoakpools.com/,https://www.google.com/maps?cid=13513848636703244832,73791fb2-7206-4d7f-a476-6641488410e1
Cascade Custom Pools,Austin,Texas,4.9,56,1,+1512-264-2453,,cascadecustompools.com,http://www.cascadecustompools.com/,https://www.google.com/maps?cid=473566793702785407,26802bac-3d88-4a6f-8768-06e92e147023
Celebrity Pools,Granbury,Texas,4.6,40,1,+1817-326-1468,,celebritypools.com,http://www.celebritypools.com/,https://www.google.com/maps?cid=1545510702248315981,c6e61478-44e3-402b-a6d4-8ffa738f467e
Cj's Shotcrete Pools & Spas Works LLC,Cleveland,Texas,5,97,1,+1346-212-5682,,cjsshotcretepoolsandspasworksllc.com,http://cjsshotcretepoolsandspasworksllc.com/,https://www.google.com/maps?cid=5353691089647156036,8b44e2f4-1318-4c7b-a8ff-bb4f6565e315
Cody Pools Austin,Austin,Texas,4.2,108,3,+1512-835-4966,,codypools.com,https://www.codypools.com/austin-pool-builder/%20?utm_medium=Click&utm_source=GoogleMyBusiness,https://www.google.com/maps?cid=15921377590227119411,60395e79-6996-4ee2-b3ea-e93c1488e7c4
Copano Pools and Spas,Corpus Christi,Texas,4.9,46,1,+1361-289-1900,,copanopools.com,https://copanopools.com/,https://www.google.com/maps?cid=11005557526473117804,56272699-3276-4778-8ace-237ffe198c9a
Cost Plus Pools,El Paso,Texas,4.2,71,1,+1915-494-7285,,costpluspools.biz,http://costpluspools.biz/,https://www.google.com/maps?cid=11355511515415400782,df3d6b36-a109-45f7-8c6d-a81fe67f8977
Costa Maya Pools,Katy,Texas,5,42,1,+1713-609-9483,,costamayapools.com,https://costamayapools.com/,https://www.google.com/maps?cid=352362325407046757,337a5b97-9aa5-4858-9f75-7bbb283a13dd
Cowtown Pools,,Texas,3.6,51,1,+1844-339-7665,,cowtownpools.com,https://www.cowtownpools.com/,https://www.google.com/maps?cid=6991901667935765842,34b2ac87-f17a-4fab-87b0-5286a06a898a
Creekstone Outdoor Living,Spring,Texas,4.9,104,2,+1713-389-5936,,creekstoneoutdoors.com,https://creekstoneoutdoors.com/,https://www.google.com/maps?cid=5700563985655050321,9fd4fad0-5162-42b9-baba-535a2a70be2f
Crystal River Pools TX,,Texas,5,62,1,+1832-853-0314,,crystalriverpoolstx.com,https://crystalriverpoolstx.com/,https://www.google.com/maps?cid=3139359608835448378,6543218f-df6e-4f27-9a23-7c071787393d
Curry's Pools & Spas,Mt Pleasant,Texas,4.6,56,1,+1903-384-3093,,curryspools.com,https://curryspools.com/,https://www.google.com/maps?cid=13684716186065319146,647988f3-5242-48d8-b5e7-33ae2d3bfa1e
Custom Outdoor Trends,Mesquite,Texas,4.2,66,1,+1972-722-3111,,customoutdoortrends.com,http://customoutdoortrends.com/,https://www.google.com/maps?cid=16558637348417604655,2ecbbba5-f025-409d-a552-7f7ccb7fd875
"Custom Pools, LLC.",Converse,Texas,4.6,57,1,+1210-658-7054,,custompoolstexas.com,http://custompoolstexas.com/,https://www.google.com/maps?cid=9494171280951189538,ea5d2181-2754-4a0a-a9bb-1f4fb437c9f8
DCP Pools & Patios,Katy,Texas,4.9,51,1,+1713-487-7487,,dcppools.com,http://dcppools.com/,https://www.google.com/maps?cid=1915192492985283348,4150fb0d-4084-4fc6-96c7-c92adfbd5d45
DFW Custom Pool,Hurst,Texas,4.6,41,1,+1972-943-4831,,dfwcustompool.com,https://dfwcustompool.com/,https://www.google.com/maps?cid=7534846738983000233,18afe987-595d-4c93-a666-14b2063d9732
DMG Pool Builders,Houston,Texas,4.5,44,1,+1281-662-3315,,dmgpoolbuilders.com,https://dmgpoolbuilders.com/,https://www.google.com/maps?cid=14622373041948472932,58f6262d-d430-46a1-979b-281f377cb9a3
Dallas Cool Pools,,Texas,5,50,1,+1214-662-5555,,dallascoolpools.com,https://dallascoolpools.com/,https://www.google.com/maps?cid=16313969906189514100,78fd61e9-a83f-4205-9164-368f6b011f85
Dallas Pool Works,,Texas,5,101,1,+1214-577-5156,,dallaspoolworks.com,http://www.dallaspoolworks.com/,https://www.google.com/maps?cid=10389488378830612235,71c552b1-b47d-43da-8477-2aa28c78f969
Denali Pools San Antonio,Bulverde,Texas,4.9,136,3,+1210-942-8993,,denalipools.com,https://denalipools.com/denali-pools-san-antonio-texas/,https://www.google.com/maps?cid=4418544725860869984,4d27ea49-4899-4747-b300-072deff8a262
Direct Pools Texas,Arlington,Texas,4.7,66,1,+1817-723-0676,,directpoolstx.com,https://directpoolstx.com/,https://www.google.com/maps?cid=15064066780774388849,4c1d1770-1f86-4459-b0bf-a93f25847a3b
Dolce Pools,Mansfield,Texas,5,45,1,+1817-300-3606,,dolcepools.com,http://www.dolcepools.com/,https://www.google.com/maps?cid=1709877073725773428,d5ed9402-1687-4d77-b61b-f1ae13713523
"Dominion Pool Group, Inc.",Montgomery,Texas,4.1,52,1,+1936-597-7946,,dominionpoolgroup.com,https://dominionpoolgroup.com/,https://www.google.com/maps?cid=896103772156206578,ec9ca33e-e171-4d2f-b9fc-498aaf51833d
Dorian Pools & Construction,El Paso,Texas,4,81,1,+1915-778-5111,,dorianconstruction.com,https://dorianconstruction.com/?utm_source=gmb&utm_medium=organic&utm_campaign=elpaso,https://www.google.com/maps?cid=12969956396823680055,6fe25afa-51f1-48e6-b2eb-4f45b3d0ad79
Dreams By Sunset,,Texas,5,55,1,+1832-525-9669,,dreamsbysunset.com,https://www.dreamsbysunset.com/,https://www.google.com/maps?cid=16806313112541131041,b836d7ce-337d-459a-92bf-5a728a10f9c0
E Pools and Construction,Tomball,Texas,5,47,1,+1832-483-6644,,epoolsandconstruction.com,https://epoolsandconstruction.com/,https://www.google.com/maps?cid=12241903523869763193,32123ffa-9abf-4fb9-aea8-d884ede7da55
Edge Outdoor Designs,Celina,Texas,5,63,1,+1972-800-7435,,edgeod.com,http://www.edgeod.com/,https://www.google.com/maps?cid=8105203295527070050,2486e4a3-fe20-4a66-b13d-dfe4b77e9369
El Dorado Pools,McKinney,Texas,4.9,49,1,+1214-945-6000,,eldoradopoolandspa.com,http://eldoradopoolandspa.com/,https://www.google.com/maps?cid=18003066248097692478,00103046-4602-4e41-921f-fec5a87a7269
Elite Outdoor Living,Frisco,Texas,4.9,65,1,+1469-742-3802,,eliteol.com,https://eliteol.com/,https://www.google.com/maps?cid=13066277131793025264,d41288fd-c203-4ba5-8c02-66077920c86d
Emerald Custom Pools,Saginaw,Texas,4.5,139,1,+1817-800-0786,,emeraldcustompools.com,https://emeraldcustompools.com/,https://www.google.com/maps?cid=8867069281361301105,23d7a35e-084b-415e-be76-5ccbfdb1ff20
Exclusive Pool and Patio,Celina,Texas,4.8,51,1,+1469-659-1200,,exclusivepools.net,http://www.exclusivepools.net/,https://www.google.com/maps?cid=12153223508587327784,163b3bf5-227d-4a56-bd04-f93fce2c53d8
"Extreme Exteriors Swimming Pools, Landscapes and Outdoor Living",Abilene,Texas,3.9,47,1,+1325-698-2410,,extreme-exteriors.com,http://extreme-exteriors.com/,https://www.google.com/maps?cid=9179359439221207458,0869ee6d-b2ad-4b08-969c-78ff02650266
Farmhouse Pools,Weatherford,Texas,5,41,1,+1817-823-4444,,farmhousepools.com,http://farmhousepools.com/,https://www.google.com/maps?cid=1426103450037608370,2b250e04-1100-44aa-be52-4af5a9bb8d72
FiberLux Pools,San Antonio,Texas,4.8,53,1,+1830-293-4111,,fiberluxpools.com,https://fiberluxpools.com/?utm_source=google&utm_medium=organic&utm_campaign=gbp&utm_content=san+antonio,https://www.google.com/maps?cid=14924152997146482223,b9ec87c2-d02b-497e-b571-dd902472ac0f
Fiberglass Pool Guyz,Lewisville,Texas,4.3,40,1,+1469-897-0015,,fiberglasspoolguyz.com,http://fiberglasspoolguyz.com/,https://www.google.com/maps?cid=9810549492028156318,aafa9a61-ab3b-4aa9-9cc3-47ec9f54444f
Fieldbrooks,Laredo,Texas,5,54,1,+1956-531-9910,,fieldbrooks.com,http://fieldbrooks.com/,https://www.google.com/maps?cid=8527248960022263381,bd350a74-e47a-40e9-bde3-f670b428d832
"Fraser First Class, LLC",Katy,Texas,4.9,55,1,+1281-665-1113,,fraserfirstclass.com,http://fraserfirstclass.com/,https://www.google.com/maps?cid=17637765943976482606,b893b1ae-12d9-4c8a-9371-5d9322f1ec7e
G & S Custom Pools,College Station,Texas,5,47,1,+1979-933-8400,,gandscustompools.com,https://www.gandscustompools.com/,https://www.google.com/maps?cid=637550338742142106,9887aa33-a15a-49af-91b0-114c82abad31
G3 Pools,Frisco,Texas,5,57,1,+1469-927-6333,,g3pools.com,https://www.g3pools.com/,https://www.google.com/maps?cid=12952012978471351743,9402f88e-f1f3-440a-ad12-c71a05363dd3
GB IV Designs,Bee Cave,Texas,4.6,84,1,+1512-268-9990,,gbivdesigns.com,https://www.gbivdesigns.com/,https://www.google.com/maps?cid=9543958786994054145,fadf356c-e92d-4ff4-8c9e-f6a05538bb33
"GM Outdoor Living, Pool & Spa",Humble,Texas,4.7,74,1,+1281-400-7447,,gmoutdoorliving.com,https://www.gmoutdoorliving.com/?utm_campaign=gmb,https://www.google.com/maps?cid=9710189055098303568,eae19974-a22e-4cea-94d4-ee90d1401109
Gary Pools,Bee Cave,Texas,4.9,73,1,+1512-722-7000,,garypools.com,https://garypools.com/,https://www.google.com/maps?cid=8660642252011748059,e6f93c60-786f-4472-83a0-2e9483e23bc4
GoodTimes Gunite Pools,Godley,Texas,5,41,1,+1817-449-3225,,goodtimesgunitepools.com,https://www.goodtimesgunitepools.com/,https://www.google.com/maps?cid=5356399807583231470,b47737d7-5436-4365-9567-87174f410304
Hamlin Pools,Pharr,Texas,3.9,118,1,+1956-787-3281,,hamlinpools.com,https://www.hamlinpools.com/,https://www.google.com/maps?cid=18135870806737388715,5ac11273-a1d4-4241-bdcf-c054fde10201
Hobert Pools & Spas,Rockwall,Texas,4.5,96,1,+1972-772-3358,,hobertpools.com,https://hobertpools.com/,https://www.google.com/maps?cid=7590584292895684235,4fad5d89-38fc-495e-9085-7a855cdc65fa
Horizon Outdoor Construction Inc.,Pearland,Texas,4.3,55,1,+1281-997-7272,,horizonoutdoorconstruction.com,https://horizonoutdoorconstruction.com/,https://www.google.com/maps?cid=2536744907698812029,5a70efe7-efe5-48fe-bb2e-fb3c5dba21f1
IJM Worx,El Paso,Texas,4.4,43,1,+1915-922-9618,,ijmworx.com,https://www.ijmworx.com/,https://www.google.com/maps?cid=16756887602773421743,674a2880-e58c-4fb4-b516-889abe7b2c3f
Infinity Pools,Bulverde,Texas,4.9,59,1,+1210-460-1580,,infinitypoolstx.com,http://www.infinitypoolstx.com/,https://www.google.com/maps?cid=3901433483057496949,9a0890b3-9ab3-4d89-b568-45f3eea1f80b
Inground Pools of Paradise,Hickory Creek,Texas,4.2,46,1,+1469-464-3610,,poolsdallas.net,https://poolsdallas.net/,https://www.google.com/maps?cid=12097045992217418340,d37837c2-6ec8-43a3-b0ee-9a102352b077
Innova Custom Pools LLC,El Paso,Texas,4.7,49,1,+1915-299-2100,,innovacustompools.com,http://www.innovacustompools.com/,https://www.google.com/maps?cid=3866576373629205963,0cf09a1e-5d25-4c4c-b332-5cfa2e44ce66
Integrity Pools,Dallas,Texas,5,142,1,+1469-969-0000,,integritypools.org,https://integritypools.org/dallas-pool-builders?utm_source=gbp&utm_medium=organic&utm_campaign=gbp-listing&utm_content=dallas,https://www.google.com/maps?cid=6457560239737261665,2c37e6f9-d63f-4254-ab59-1e68386f6eeb
J Caldwell Custom Pools,Fort Worth,Texas,4.5,121,1,+1817-237-7665,,jcaldwellcustompools.com,http://jcaldwellcustompools.com/,https://www.google.com/maps?cid=14465266491171536027,bc835d3d-487c-48ba-a08d-201744ade347
J. Bradley Custom Pools,Tomball,Texas,4.6,47,1,+1832-813-5340,,jbradleypools.com,https://jbradleypools.com/,https://www.google.com/maps?cid=2500909004539914589,75885249-57ae-4238-a010-9e7f1a1ec6c6
Joy Pools,Lake Dallas,Texas,4.4,72,1,+1972-539-7946,,joypools.net,https://joypools.net/,https://www.google.com/maps?cid=14666028331786163627,d0b6a860-2d94-43d7-b69e-2253258c43c3
Keith Zars Pools Boerne,Boerne,Texas,4.9,69,1,+1830-360-8880,,keithzarspools.com,https://keithzarspools.com/boerne-texas/,https://www.google.com/maps?cid=13653302903484061277,7bdd8304-54d5-4333-907c-ec67829aaa19
"King Pools, Inc.",Midlothian,Texas,4,66,1,+1972-723-2800,,kingpoolsinc.com,http://www.kingpoolsinc.com/,https://www.google.com/maps?cid=4535074742091030133,4407e142-2ef3-4f34-a632-e30860f6338b
Lagniappe Pools,Spring,Texas,5,40,1,+1281-645-6000,,lagniappepools.com,https://lagniappepools.com/,https://www.google.com/maps?cid=12581352198303523560,800fa443-b825-42f0-a7c5-5e05b659357a
Lake Creek Pools,Montgomery,Texas,5,125,1,+1936-622-0336,,lakecreekpools.com,http://www.lakecreekpools.com/,https://www.google.com/maps?cid=9228410364279341826,87bcd6dd-bea2-4fa7-86d0-12e02a763da8
Lakeside Custom Pools,,Texas,4.9,60,1,+1512-755-4706,,lakesidecustompools.com,https://lakesidecustompools.com/,https://www.google.com/maps?cid=12837337874702614667,512b0d91-9a13-46cb-b401-a8eb889a352b
Landmark Custom Pools,Houston,Texas,4.9,97,1,(346) 486-4426,,landmarkcustompools.com,https://landmarkcustompools.com/,https://www.google.com/maps?cid=1812032512194387219,c7b31ef5-3be9-49f2-b19e-af1150ec7432
Legacy Pool Designs,,Texas,5,49,1,+1832-875-2130,,legacypooldesigns.com,https://legacypooldesigns.com/,https://www.google.com/maps?cid=12405582348090213012,2ee70307-8ca5-46a0-9324-db1925b996f1
Legacy Swimming Pools and Spas San Antonio,,Texas,5,41,1,+1210-709-2741,,legacypoolssa.com,https://legacypoolssa.com/,https://www.google.com/maps?cid=16246958183388980157,5a2596b8-a8bb-4b74-8819-7ff849bd3b1a
Lifestyle Pools,Katy,Texas,4.7,78,1,+1844-504-5433,,lifestylepools.com,http://lifestylepools.com/,https://www.google.com/maps?cid=17086638718456478121,8424ec08-a6e8-4807-90ad-b250ca350248
Limitless Custom Pools and Backyards,Houston,Texas,4.9,140,1,+1281-344-2670,,limitlesscustompools.com,https://limitlesscustompools.com/,https://www.google.com/maps?cid=12649148979370299433,b47a2fe9-3c20-4251-b39b-7a28ea17878a
Liquid Canvas Designs,The Woodlands,Texas,5,57,1,+1713-447-0039,,liquidcanvasdesigns.com,https://www.liquidcanvasdesigns.com/,https://www.google.com/maps?cid=3751081592029593677,3a3049d7-394b-45df-b83a-89f8a6a7d9ab
Living Water Custom Pools,Plano,Texas,4.8,52,1,+1469-662-3600,,livingwatercustompools.com,http://livingwatercustompools.com/,https://www.google.com/maps?cid=17669417471290400844,4d0404cc-5497-4b8d-a20d-e1fc9083c28e
Luxe Lagoon Pool Designs,Highland Park,Texas,4.9,43,1,(469) 855-9981,,luxelagoonpools.com,https://luxelagoonpools.com/,https://www.google.com/maps?cid=11160674041472605015,6b01299e-763f-4c7a-92bf-4068cb59cd5b
MCM Outdoor Living,Frisco,Texas,4.8,139,1,+1469-583-6213,,mckinleyconstructionmanagement.com,https://www.mckinleyconstructionmanagement.com/?local=true,https://www.google.com/maps?cid=10029316580186885863,74a69cec-7b4b-4942-9a95-7caff8942b78
Maddox Custom Pools & Landscaping,Richmond,Texas,4.6,80,1,+1281-232-4100,,maddoxcustompools.com,http://maddoxcustompools.com/,https://www.google.com/maps?cid=7381341259128162893,75d7ae2f-49e7-488c-8e07-c996fb438bf9
Maximum Pools and Spas LLC,New Braunfels,Texas,4.9,56,1,+1830-308-7946,,maximum-pools.com,https://www.maximum-pools.com/,https://www.google.com/maps?cid=14147954160323131762,1c4383b5-0afa-4bc4-b75b-963e5b7749bc
Maya Outdoor Living,Spring,Texas,4.9,75,1,+1832-359-9710,,mayaoutdoorliving.com,http://www.mayaoutdoorliving.com/?utm_source=google&utm_medium=wix_google_business_profile&utm_campaign=11650379130258980207,https://www.google.com/maps?cid=6398593793097537064,a388950c-4fc0-4011-9351-99e294f6bb1f
McKinney Custom Pools,Pearland,Texas,4.5,101,1,+1281-489-9800,,mckinneycustompools.net,https://mckinneycustompools.net/,https://www.google.com/maps?cid=18201818881831784740,4ea34730-a768-41dc-8e3d-b838e319fd9a
"Mid City Custom Pools Inc., & Outdoor Living",Hurst,Texas,3.7,45,1,+1817-835-9141,,midcitypools.com,http://www.midcitypools.com/,https://www.google.com/maps?cid=2752007646282826193,4bbb1069-61e9-4c85-9fa5-b0222b043d74
MiniPools,Bulverde,Texas,5,44,1,+1830-660-8314,,texasminipools.com,http://www.texasminipools.com/,https://www.google.com/maps?cid=8386863913485597743,9cb8df41-7955-4150-988d-b58e3668fafb
Mirage Custom Pools,Lewisville,Texas,4.4,146,1,+1888-354-1599,,miragedfw.com,https://www.miragedfw.com/,https://www.google.com/maps?cid=631220096160331375,35c2219d-53f1-468b-9736-f108e6481dc1
Nelson Pools,Splendora,Texas,4.2,71,1,+1281-540-2911,,nelsonpools.com,http://www.nelsonpools.com/,https://www.google.com/maps?cid=14610568714722059025,d5012183-ad50-4f63-8049-67ad4834b6a8
Ocean Blue Pools,Tomball,Texas,4.8,76,1,+1281-417-8499,,obpi.com,http://www.obpi.com/,https://www.google.com/maps?cid=2419675021495081256,459dc17c-424d-4480-9150-39f6d6eace14
Ortiz Pools,Rosenberg,Texas,4.5,54,1,+1281-341-1080,,ortizpools.com,http://www.ortizpools.com/,https://www.google.com/maps?cid=7221591339157323223,f5d597f2-9011-4004-8743-b9c2999ba891
POOL-ology - Georgetown,Georgetown,Texas,4.9,76,1,+1512-774-3304,,pool-ology.com,https://pool-ology.com/?utm_source=google&utm_medium=gbp&utm_campaign=pool-gbp-georgetown,https://www.google.com/maps?cid=12575342859492027230,3d25d81a-d2ea-42d8-bb32-8b3110e423d9
PRINO Outdoor Living,Montgomery,Texas,4.9,61,1,+1281-979-1262,,prinooutdoorliving.com,https://prinooutdoorliving.com/,https://www.google.com/maps?cid=13166633395599364879,76eb047a-0fc8-4ffd-a4a5-5eb8ff1f7ff8
"Paul Miller Custom Pools, Inc.",Fort Worth,Texas,4.3,43,1,+1817-379-9333,,paulmillercustompools.com,http://www.paulmillercustompools.com/,https://www.google.com/maps?cid=7741083295272541273,45219ceb-eb53-4345-bb4e-b0e847bcfb4f
"Pirate Bay Pools, Above Ground Pool Installer near me",Anna,Texas,4.9,47,1,+1972-837-9794,,piratebaypools.com,http://piratebaypools.com/,https://www.google.com/maps?cid=2291398228797119787,50a95f4c-6df4-4779-b21c-f7bb6b943b4c
Plan-IT Recreation II,Baytown,Texas,4.3,51,1,+1281-421-0491,,planitrecreation.com,https://www.planitrecreation.com/,https://www.google.com/maps?cid=12728518487496006076,0faf6a6d-5d6d-403a-9384-1d4cc3840e7b
Platinum Pools,Beaumont,Texas,4.8,58,1,+1409-898-4995,,platinumpools.com,https://platinumpools.com/,https://www.google.com/maps?cid=9778753357352386523,529cfd33-4a3c-41fa-8321-c066235b76e8
Pool Boyz Above Ground Pool Installers,,Texas,4.6,55,1,+1281-591-7067,,poolboyz.com,http://poolboyz.com/,https://www.google.com/maps?cid=12740853777882344122,9879bd00-9164-4ded-a130-009b389a0650
Pool Envy Designs,Houston,Texas,4.9,80,1,+1346-603-5924,,poolenvydesigns.com,https://poolenvydesigns.com/?utm_source=GMB&utm_medium=organic,https://www.google.com/maps?cid=18300837032573754624,31f75c24-2c02-4c92-b187-8d182467980a
Pool Lux LLC,Austin,Texas,5,101,1,(512) 761-0603,,mypoollux.com,https://mypoollux.com/,https://www.google.com/maps?cid=8503951342824366589,297b01b7-b800-458e-b671-d9cb1fcc2166
Pool Quest,Fort Worth,Texas,4.4,81,1,+1817-590-8108,,poolquestdfw.com,http://www.poolquestdfw.com/,https://www.google.com/maps?cid=11100938543610312760,14541a87-d1fd-44c1-8edb-d19c9a397a59
Pool Xperts,Rockwall,Texas,4.9,63,1,+1469-215-7946,,pool-xperts.com,http://www.pool-xperts.com/,https://www.google.com/maps?cid=9801131610795808027,c3005c5f-0597-4a79-be13-cac3ebd61e31
Pools Infinite,Houston,Texas,4.9,78,1,+1832-416-5174,,poolsinfinite.com,https://poolsinfinite.com/,https://www.google.com/maps?cid=13736493641967326120,d813994a-12c2-4cf2-9368-5e62716fff2b
Pools by Design,The Woodlands,Texas,4.8,76,1,+1281-367-7171,,pools-by-design.com,https://pools-by-design.com/pool-builder-the-woodlands-tx-custom-pools/,https://www.google.com/maps?cid=1449143824957725900,eca227d9-1d06-416d-aca0-54de42955511
Pools123 Dallas-Fort Worth,Fort Worth,Texas,4.9,76,2,+1855-794-6123,,pools123.com,https://www.pools123.com/,https://www.google.com/maps?cid=8078684966202577446,27bfb434-10ad-4b1d-930f-14087a596c1a
Poolscapes Of Texas,Pearland,Texas,4.5,53,1,+1713-436-4944,,poolscapesoftexas.com,https://www.poolscapesoftexas.com/,https://www.google.com/maps?cid=8985867880051283687,a334885e-a0e8-4093-9883-43a997597315
Pulliam Pools of Houston,Katy,Texas,4.9,45,1,+1281-693-7665,,pulliampoolshouston.com,http://pulliampoolshouston.com/,https://www.google.com/maps?cid=16613517424860398847,c5c0bdb6-3290-43fe-a04d-878e7e094b3e
Rainey Pool Company,League City,Texas,4,45,1,+1281-400-7764,,raineypools.com,http://www.raineypools.com/,https://www.google.com/maps?cid=4522532546515526711,6845b7a5-44fe-4b36-ab39-7801b8b5fd6d
Ramirez Swimming Pools,Temple,Texas,3.9,40,1,+1254-773-0765,,ramirezpools.com,http://www.ramirezpools.com/,https://www.google.com/maps?cid=8781227392934270184,281a6602-e654-4fbc-8a0a-6b1884c75c36
RiverMist Pools and Spas,Midlothian,Texas,4.8,102,1,+1972-775-1444,,rivermistpools.com,http://www.rivermistpools.com/,https://www.google.com/maps?cid=11046930737548044092,6c3ae112-0ba0-47dd-8486-cea679128c05
"Robertson Pools, Inc",Coppell,Texas,4.2,140,1,+1972-393-2152,,robertsonpools.com,https://www.robertsonpools.com/coppell-tx/,https://www.google.com/maps?cid=12736099806925961268,80ac6c5b-fc30-455a-ab4d-1d38126cee65
Sahara Construction & Custom Pools,Katy,Texas,4,77,1,+1713-634-9490,,saharapoolbuilder.com,http://www.saharapoolbuilder.com/,https://www.google.com/maps?cid=10026976820283678747,3b488755-4dec-487c-9511-358f4f148754
Seahorse Pools & Spas,Fort Worth,Texas,4.4,136,1,+1817-244-1310,,seahorsepools.com,http://seahorsepools.com/,https://www.google.com/maps?cid=13410406137291391209,e996babc-744c-4e43-8671-af6540b7d42e
Sky Blue Pools Inc,North Richland Hills,Texas,4,84,1,+1817-427-8169,,skybluepoolservice.com,http://skybluepoolservice.com/,https://www.google.com/maps?cid=6039379460010594695,28769835-7932-4a92-ae04-95a454a962e6
South Texas Custom Pools,San Antonio,Texas,5,101,1,+1210-236-1259,,stxcustompools.com,https://www.stxcustompools.com/,https://www.google.com/maps?cid=110438120488926156,991f1e69-df0c-43e8-883f-18dfafda51e4
Southern Charm Pools,Clear Lake Shores,Texas,4.9,113,1,+1281-595-7665,,southerncharmpools.com,https://southerncharmpools.com/,https://www.google.com/maps?cid=6173504974584930204,a724d59d-4174-4f6f-886b-9d3b3c9f59a6
Southern Pool + Outdoors,,Texas,4.9,101,1,+1214-308-1744,,southernpoolandoutdoors.com,https://www.southernpoolandoutdoors.com/,https://www.google.com/maps?cid=1558166473984793321,f72bf386-a057-49ab-8679-ec7f3c87e60c
Southern Texas Pools,Pearland,Texas,5,87,1,+1713-857-0771,,southerntexaspools.com,https://southerntexaspools.com/,https://www.google.com/maps?cid=1683264109345386111,a36098cf-1235-4ef2-ab8b-d163cc700b9b
"Southernwind Pools, Inc.",McKinney,Texas,4.5,115,1,+1972-783-4090,,southernwindpools.com,http://www.southernwindpools.com/,https://www.google.com/maps?cid=3649683820786931659,6f1bd897-fab8-4aba-bb0a-0575cfd358d7
Splash Zone Pools,,Texas,4.2,79,1,+1281-240-0037,,splashzonetx.com,https://www.splashzonetx.com/,https://www.google.com/maps?cid=8930037809807501123,4441922c-c0a0-4908-a2c9-a31804a1219b
Spring Woodlands Pools,Spring,Texas,4.9,58,1,+1832-767-7594,,springwoodlandspools.com,http://springwoodlandspools.com/,https://www.google.com/maps?cid=16232843353259548406,d212a729-8826-49eb-a99e-fd1cb9cc771f
Staycation Fiberglass Pools,San Antonio,Texas,4.9,119,1,+1210-997-7665,,staycationfiberglasspools.com,https://staycationfiberglasspools.com/?utm_source=gmb&utm_medium=organic,https://www.google.com/maps?cid=15296568028620805263,c1b065df-e47b-439d-83cf-ec4c2fb3c670
Summerhill Pools • Outdoor Living,Dallas,Texas,4.7,124,1,+1469-972-5225,,summerhillpools.com,https://www.summerhillpools.com/?utm_campaign=gmb,https://www.google.com/maps?cid=15960549570435130289,f2edf2c9-e68f-487f-b37a-b9239ca22390
Sunset Pools Inc,Katy,Texas,4.7,146,1,+1281-693-4896,,sunsetpoolsinc.com,http://www.sunsetpoolsinc.com/?utm_source=google&utm_medium=organic-gmb,https://www.google.com/maps?cid=10803069903246037269,98c9c900-475a-4ee1-b635-81d67b052a17
Sunstone Pools & Outdoor Living,Colleyville,Texas,5,77,1,+1817-938-9218,,sunstonepools.com,https://sunstonepools.com/,https://www.google.com/maps?cid=4995773676840522090,1c604481-6ed3-4041-863c-ce7fca22718c
Surf Side Pool & Spa,Laguna Heights,Texas,4.9,53,1,+1956-433-7665,,surfsidepoolstx.com,http://surfsidepoolstx.com/,https://www.google.com/maps?cid=9808271321329128486,1a7d3703-b659-4feb-8485-1814e2d2b2c3
Swan Point Pools,Tomball,Texas,4.9,66,1,+1832-640-9884,,swanpointpools.com,https://swanpointpools.com/,https://www.google.com/maps?cid=17213715973181084855,cbd9aaac-319a-4844-8db9-0363ea29c7bf
Swim TexSun Pools Inc.,,Texas,4.3,41,1,+1800-794-6839,,swimtexsun.com,http://swimtexsun.com/,https://www.google.com/maps?cid=17453677315540818683,b151c2dd-08d6-4ddd-bcb5-ec741a7d3148
TEXAS CONSTRUCTION PLUS,Katy,Texas,4.9,58,1,+1281-317-7587,,texasconstructionplus.com,http://www.texasconstructionplus.com/,https://www.google.com/maps?cid=9829033788945096956,54ea2741-9753-49fc-bdff-0e3cf599b21b
Texas Crystal Blue Pools LLC,,Texas,5,44,1,+1903-749-0112,,texascbp.com,https://www.texascbp.com/,https://www.google.com/maps?cid=2239007436594002772,fee9f9c1-69c1-40ad-8d91-e29d5e191655
Texas Home Pool and Spa,Humble,Texas,4.7,47,1,+1832-233-0196,,texashomepoolandspa.com,https://www.texashomepoolandspa.com/,https://www.google.com/maps?cid=16155416088177480409,540876a4-96e1-438b-b48a-ec36eba58f9f
Texas Pool Champions,The Woodlands,Texas,4.7,41,1,(346) 222-1111,,texaspoolchampions.com,https://www.texaspoolchampions.com/,https://www.google.com/maps?cid=11259263825343519379,a6ef0bd8-2e1f-4eb3-9236-2ec5f7afc3f7
Texas Pools and Patios,San Antonio,Texas,4.4,130,1,+1210-524-0177,,texaspoolsandpatios.com,https://www.texaspoolsandpatios.com/,https://www.google.com/maps?cid=13597452461874739121,d340a055-804b-4a76-8d1b-5e9a83d052c4
Texas Tides Custom Pools,Godley,Texas,5,47,1,+1817-305-6469,,texastidespools.com,https://www.texastidespools.com/,https://www.google.com/maps?cid=2884207759554522138,ab8a06ce-c99b-426e-bde7-38e27444a185
"Texas Traditions Outdoors - Pool and Patio, Fencing, Outdoor Living",Lewisville,Texas,4.7,72,1,+1469-293-3656,,dfwpoolandpatio.com,https://www.dfwpoolandpatio.com/,https://www.google.com/maps?cid=12833684974103713251,e5874618-d5d4-49d5-9ae3-dccfa5f0472d
"The Complete Backyard, Inc.",Aledo,Texas,4.8,61,1,+1817-441-6878,,thecompletebackyard.com,https://www.thecompletebackyard.com/,https://www.google.com/maps?cid=11126650318250539049,1f3a9ffd-1ec0-4385-9df2-ce39ab4c44f6
The Pool Whisperer,Spring,Texas,4.6,55,1,+1832-515-5774,,texaspoolwhisperer.com,https://www.texaspoolwhisperer.com/,https://www.google.com/maps?cid=15585445047877261928,c9df0945-e332-4bd4-b328-49955471d8de
Tidal Wave Custom Pools,Frisco,Texas,4.9,86,1,+1972-928-0106,,tidalwavecustompools.com,http://tidalwavecustompools.com/,https://www.google.com/maps?cid=11667558228923576445,c05f5b42-d1cf-41bf-bf15-c0833a72d7fd
Township Pools,Montgomery,Texas,4.9,64,1,+1832-430-2447,,townshippools.net,https://www.townshippools.net/?utm_campaign=gmb,https://www.google.com/maps?cid=15858747226628032898,80169fe2-9805-4dd5-976a-60424ae07002
True Pool Company,Sherman,Texas,4.8,50,1,+1972-878-8306,,truepoolcompany.com,http://truepoolcompany.com/,https://www.google.com/maps?cid=6928678753948458133,bb0c244b-007e-48e4-b5c7-bb16a26fc45c
Turn Key Pools & Patios,Montgomery,Texas,4.1,58,1,+1713-459-7593,,turnkeypoolstx.com,https://www.turnkeypoolstx.com/,https://www.google.com/maps?cid=7387755946701100236,20d1a022-aa03-4ef8-914f-d2977ea6cdc0
U.S. Pool Builder,Katy,Texas,4.8,48,1,+1281-944-8888,,uspoolbuilder.com,http://www.uspoolbuilder.com/,https://www.google.com/maps?cid=5362917926658097378,96ef8caf-5c54-43d4-a272-0ebedf447d0c
"Ultimate Poolscapes of Texas, Inc.",Woodway,Texas,4.6,44,1,+1254-224-6646,,ultimatepoolscapeswaco.com,https://www.ultimatepoolscapeswaco.com/,https://www.google.com/maps?cid=7026198516941759372,08688210-d163-40d9-9033-0db1010474d2
Venture Custom Pools,Dallas,Texas,5,62,3,+1817-740-9937,,venturecustompools.com,https://www.venturecustompools.com/pool-builder-dallas-tx/,https://www.google.com/maps?cid=10171204224513532295,422b69a9-55ef-466d-b7df-53bf618e9cd4
Venue Pools,North Richland Hills,Texas,4.9,80,1,+1817-983-7665,,venuepools.com,https://www.venuepools.com/,https://www.google.com/maps?cid=8000575871294059330,3e1209f3-2c13-45dd-a6ff-be0d5d2f9cbd
VisCon Pools,Corsicana,Texas,4.5,57,1,+1903-872-4478,,visconpools.com,https://www.visconpools.com/,https://www.google.com/maps?cid=15396523804226130156,7d009fa1-a363-4ae6-bb66-d4137d0608cb
Water Wizard Custom Pools LLC,Fort Worth,Texas,4.5,114,1,+1817-989-7665,,waterwizardpools.com,https://www.waterwizardpools.com/,https://www.google.com/maps?cid=16526288669325827663,d9b29b59-e8a7-4e5e-a5ec-a3fee32e93ae
"WaterPointe Pools, LLC.",,Texas,5,87,1,+1832-856-1881,,waterpointepools.com,https://waterpointepools.com/,https://www.google.com/maps?cid=9781079638424712745,3922d37d-0da2-4572-a9d6-89e7c4d8b77a
Watercrest Pools,Southlake,Texas,4.8,56,1,+1682-339-0144,,watercrestpools.com,http://www.watercrestpools.com/?utm_source=google&utm_medium=organic&utm_campaign=gbp,https://www.google.com/maps?cid=15838247814994188483,15f3dc66-ff80-4deb-83fc-a87b2f3dcba6
Waterside Poolscapes,Stafford,Texas,5,123,1,+1281-657-6610,,watersidepoolscapes.com,https://www.watersidepoolscapes.com/,https://www.google.com/maps?cid=16953233866694884233,af889308-2f88-4258-bd78-b83624426ed8
Watts Pool Company,Houston,Texas,4.1,45,1,+1713-461-7300,,wattspool.com,http://wattspool.com/,https://www.google.com/maps?cid=5298331342379370641,65945283-4305-4aa9-ae4d-843662129e1a
Wet Pools Inc,Katy,Texas,4.7,70,1,+1281-395-1995,,wetpools.com,http://wetpools.com/,https://www.google.com/maps?cid=16037733521839792343,ef8a383b-1106-4617-9edf-2df9b9b6a585
Zodiac Pools & Outdoor Living,Sanger,Texas,4.5,88,1,+1940-213-3719,,zodiacpoolstx.com,http://www.zodiacpoolstx.com/,https://www.google.com/maps?cid=10462592751000846053,88f754fe-f3c9-427a-b9e2-8d19d699d0f3
da Vinci Pools LLC,Jonestown,Texas,4.1,42,1,+1737-387-4628,,davincipools.com,http://www.davincipools.com/,https://www.google.com/maps?cid=14467196772669525082,5a7d2a90-c8a1-4220-aed0-6ee686a9f9fc
A Pool and Spa,,Utah,4.9,42,1,+1385-226-7464,,apoolandspa.com,http://www.apoolandspa.com/,https://www.google.com/maps?cid=12707781700435617814,cb57fef0-c88a-41cf-be2c-8eeea13ddbf8
Best Pools,Ogden,Utah,4.5,50,1,+1801-393-7665,,bestpoolsinc.com,http://bestpoolsinc.com/,https://www.google.com/maps?cid=666831346901859089,50351699-82da-44ef-bf60-936ccf89961c
Complete Pools,St. George,Utah,5,65,1,+1435-200-3785,,completepoolsstg.com,https://completepoolsstg.com/,https://www.google.com/maps?cid=6901583709815486336,25e3f20d-93df-49ab-af56-4fd70cdd08dd
Infinity Pools,American Fork,Utah,4.7,53,1,+1801-290-1707,,infinitypools.com,https://infinitypools.com/,https://www.google.com/maps?cid=14258220772982566638,753f03f0-90c1-4e22-813c-5aa50072c5ed
JAL Pools,Bluffdale,Utah,4.9,57,1,+1801-201-8700,,jalpools.com,https://jalpools.com/,https://www.google.com/maps?cid=11688332034900722970,6716b293-d5f8-47e4-a11b-5377d3e2c1d4
Packman's Pools,,Utah,4.8,73,1,+1801-707-7246,,packmanspools.com,http://packmanspools.com/,https://www.google.com/maps?cid=4032280887127924980,a68baa18-f979-4193-9ab0-350966307106
Pooligans LLC,Saratoga Springs,Utah,5,42,1,+1801-654-8071,,pooligans.fun,http://www.pooligans.fun/,https://www.google.com/maps?cid=10509509573080588433,df7990f4-5bad-412a-be21-ed26004bf587
River Pools of Salt Lake,,Utah,4.8,64,2,+1801-419-8858,,riverpoolsandspas.com,https://www.riverpoolsandspas.com/locations/fiberglass-inground-pools-salt-lake-city,https://www.google.com/maps?cid=10534331716278532453,543b314d-9fa8-414e-923f-040ea3a704be
Sapphire Pools,Ogden,Utah,4.9,72,1,+1801-814-8852,,sapphirevinylpools.com,https://sapphirevinylpools.com/,https://www.google.com/maps?cid=10936551143598620617,8d738d47-4c87-4f28-8a80-d37e3244befd
Utah Vinyl Pools and Spas,Murray,Utah,4.8,88,1,+1801-563-7572,,utahvinylpools.com,http://www.utahvinylpools.com/,https://www.google.com/maps?cid=14084159567893836976,bb51ddc7-4762-4f24-95ca-73b6ab571ddc
AAA Pools,Fredericksburg,Virginia,3.6,128,1,+1540-785-7665,,aaapools.com,https://aaapools.com/,https://www.google.com/maps?cid=17910281791778304069,ca0bbe7b-4019-42bc-88e9-4a4a72a29413
Atlantis Pools,Virginia Beach,Virginia,4.8,62,1,+1757-477-7318,,atlantispoolsva.com,https://www.atlantispoolsva.com/,https://www.google.com/maps?cid=17018846404978306152,4f7721e8-628b-4937-b400-9a00aa1c28b1
Beltway Pools LLC,Lorton,Virginia,4.9,126,1,+1703-665-5333,,beltwaypools.com,https://www.beltwaypools.com/,https://www.google.com/maps?cid=15975365033112852465,03a66d0d-e36e-4a5a-aad0-7af0eede478c
Crystal Blue Aquatics LLC,Leesburg,Virginia,3.6,43,1,+1571-233-4415,,crystalblueaquatics.com,http://crystalblueaquatics.com/,https://www.google.com/maps?cid=1487893584109712892,7fce6614-2ffc-407e-b6a3-47b269dd23c1
Dominion Pool and Spa,Blairs,Virginia,5,81,1,(434) 836-5100,,dominionpoolandspa.com,http://www.dominionpoolandspa.com/,https://www.google.com/maps?cid=1315456107973660969,dc4d5679-705b-441b-88c4-6d1aa7cf0238
"Douglas Aquatics, Inc.",Richmond,Virginia,4.1,67,1,+1804-232-7665,,douglasaquatics.com,https://www.douglasaquatics.com/,https://www.google.com/maps?cid=4843919250611553396,316e853d-7357-49e1-a718-360bc2c2135e
High Sierra Pools,Newport News,Virginia,4.5,96,2,+1757-595-0080,,highsierrapools.com,https://highsierrapools.com/,https://www.google.com/maps?cid=18120519183344294557,d7eee239-30f8-40cd-8868-e2939b1c5b70
Icon Custom Pools,Manassas Park,Virginia,4.9,66,1,+1571-640-4266,,iconcustompools.com,https://iconcustompools.com/,https://www.google.com/maps?cid=3867128323637177516,3de10611-5802-4b70-acf2-e0c6886d6a12
Lewis Aquatech,Chantilly,Virginia,4.5,57,1,+1703-631-2800,,lewis-aquatech.com,http://www.lewis-aquatech.com/,https://www.google.com/maps?cid=13571743694412556837,d1a312e2-bbbc-4895-98ea-5f31a14f37a7
NOVA Landscape Construction LLC,Chantilly,Virginia,5,80,1,+1703-574-7544,,nova-lc.com,http://www.nova-lc.com/,https://www.google.com/maps?cid=14881428259042170755,688f0015-c009-4824-bd24-8621b53de525
NRC Landscape Construction,McLean,Virginia,5,40,1,+1703-242-7698,,nrclandscaping.com,http://www.nrclandscaping.com/,https://www.google.com/maps?cid=9010689282901268432,4b4f3adf-104e-4b78-bb7f-c9d048fdfd24
Oasis Pools and Hardscapes,Virginia Beach,Virginia,4.9,46,1,+1757-916-5300,,poolsva.com,http://poolsva.com/,https://www.google.com/maps?cid=7260322293466899158,450106cb-32ee-4a2d-9083-9c478683c3cf
Oliver's Pool’s and Spas LLC,Suffolk,Virginia,4,115,1,+1757-255-4550,,oliverspoolsonline.com,https://oliverspoolsonline.com/,https://www.google.com/maps?cid=11212489137518183728,a3071241-7ebd-4018-b4c2-3948e7ae12fc
Summertime Pool & Spa,Danville,Virginia,4.1,46,1,+1434-792-7665,,summertimepoolandspa.com,http://www.summertimepoolandspa.com/,https://www.google.com/maps?cid=1332881425090931904,ba49ea1c-8976-44ab-b4e4-4be95f46a1e4
Summit Pools,Triangle,Virginia,4.9,55,1,+1703-544-6076,,summitpools.org,http://summitpools.org/,https://www.google.com/maps?cid=16981863291820137216,3212e513-d952-43db-ab82-2181663304c7
Boyer Mountain Pool & Excavation Inc.,Cashmere,Washington,4.9,51,1,(509) 670-3555,,boyermountainpool.com,https://boyermountainpool.com/,https://www.google.com/maps?cid=9170486519526444275,ec1fc286-6fbf-4975-8373-2655fcbb162a
KrisCo Aquatech Pools & Spas,Woodinville,Washington,4.7,140,1,+1425-487-6400,,kriscoaquatechpools.com,https://kriscoaquatechpools.com/,https://www.google.com/maps?cid=15007189995677054231,b19f1fb5-4bb2-42e3-b94e-53f09205de18
Bob's Pool Builders Inc.,Sullivan,Wisconsin,5,41,1,+1262-593-5242,,bobspoolbuilders.com,http://www.bobspoolbuilders.com/,https://www.google.com/maps?cid=4695094621011648967,bab1752e-1ed5-4c1d-b8c7-b2be9b4fad75
Brinkmann Fiberglass Pools,Oconomowoc,Wisconsin,4.9,116,1,+1262-567-7665,,brinkmannfiberglasspools.com,https://www.brinkmannfiberglasspools.com/,https://www.google.com/maps?cid=1950132457018563871,3fe8da21-a782-42fc-808a-503503c47b77
"Driftless Pools and Landscaping, LLC",Holmen,Wisconsin,5,108,1,(715) 570-9047,,driftlesspools.com,http://www.driftlesspools.com/,https://www.google.com/maps?cid=15270899916291692238,fa875710-2e7e-4702-b359-da99ba8135c8
Pool Pros,Green Bay,Wisconsin,4.6,66,1,+1920-771-0107,,poolproswi.com,http://www.poolproswi.com/,https://www.google.com/maps?cid=4052954555336583379,5b94e6b0-4291-4f29-bb5e-5cf04ffa3d00
Pool Wizards Pool Installations,New Berlin,Wisconsin,4.5,59,1,+1262-617-3723,,poolwizardswi.com,http://www.poolwizardswi.com/,https://www.google.com/maps?cid=10274883850983330482,db96055a-84fc-4145-ba61-730a55cc2821
Recreational Concepts Inc,Oregon,Wisconsin,4,140,1,+1608-835-2780,,recreationalconceptsinc.com,https://www.recreationalconceptsinc.com/,https://www.google.com/maps?cid=14553275350791390365,a0afe070-5c0a-43b6-a3ec-81e48c5dd7a3
Spring's Pools & Spas,Plymouth,Wisconsin,4.6,55,1,+1920-876-3300,,springspools.com,http://www.springspools.com/,https://www.google.com/maps?cid=6985195274298934496,e4626acf-732f-4e21-ab1f-c6d6a19e2959
The Pool Team,,Wisconsin,4.7,69,1,+1920-733-8223,,poolteamwi.com,https://poolteamwi.com/,https://www.google.com/maps?cid=13738431197289529210,c4ce9b74-f797-4aab-92c0-843b95c90cbb
